#pragma once

// Generated by tools/embed_logo.py from assets/logo.png. Do not edit by hand.
// 80x80, 8-bit RGBA, straight (not premultiplied) alpha, rows top to bottom.
namespace TextureToolkit
{
    constexpr unsigned int kLogoSize = 80;
    inline constexpr unsigned char kLogoRGBA[25600] = {
    0x00, 0x00, 0x00, 0x00, 0x00, 0x00, 0x00, 0x00, 0x00, 0x00, 0x00, 0x00, 0x00, 0x00, 0x00, 0x00, 0x00, 0x00, 0x00, 0x00, 0x00, 0x00, 0x00, 0x00,
    0x00, 0x00, 0x00, 0x00, 0x00, 0x00, 0x00, 0x00, 0x00, 0x00, 0x00, 0x00, 0x00, 0x00, 0x00, 0x00, 0x00, 0x00, 0x00, 0x00, 0x00, 0x00, 0x00, 0x00,
    0x00, 0x00, 0x00, 0x00, 0x00, 0x00, 0x00, 0x00, 0x00, 0x00, 0x00, 0x00, 0x00, 0x00, 0x00, 0x00, 0x00, 0x00, 0x00, 0x00, 0x00, 0x00, 0x00, 0x00,
    0x00, 0x00, 0x00, 0x00, 0x00, 0x00, 0x00, 0x00, 0x00, 0x00, 0x00, 0x00, 0x00, 0x00, 0x00, 0x00, 0x00, 0x00, 0x00, 0x00, 0x00, 0x00, 0x00, 0x00,
    0x00, 0x00, 0x00, 0x00, 0x00, 0x00, 0x00, 0x00, 0x00, 0x00, 0x00, 0x00, 0x00, 0x00, 0x00, 0x00, 0x00, 0x00, 0x00, 0x00, 0x00, 0x00, 0x00, 0x00,
    0x00, 0x00, 0x00, 0x00, 0x00, 0x00, 0x00, 0x00, 0x00, 0x00, 0x00, 0x00, 0x00, 0x00, 0x00, 0x00, 0x00, 0x00, 0x00, 0x00, 0x00, 0x00, 0x00, 0x00,
    0x00, 0x00, 0x00, 0x00, 0x00, 0x00, 0x00, 0x00, 0x00, 0x00, 0x00, 0x00, 0x00, 0x00, 0x00, 0x00, 0x00, 0x00, 0x00, 0x00, 0x00, 0x00, 0x00, 0x00,
    0x00, 0x00, 0x00, 0x00, 0x00, 0x00, 0x00, 0x00, 0x00, 0x00, 0x00, 0x00, 0x00, 0x00, 0x00, 0x00, 0x00, 0x00, 0x00, 0x00, 0x00, 0x00, 0x00, 0x00,
    0x00, 0x00, 0x00, 0x00, 0x00, 0x00, 0x00, 0x00, 0x00, 0x00, 0x00, 0x00, 0x00, 0x00, 0x00, 0x00, 0x00, 0x00, 0x00, 0x00, 0x00, 0x00, 0x00, 0x00,
    0x00, 0x00, 0x00, 0x00, 0x00, 0x00, 0x00, 0x00, 0x00, 0x00, 0x00, 0x00, 0x00, 0x00, 0x00, 0x00, 0x00, 0x00, 0x00, 0x00, 0x00, 0x00, 0x00, 0x00,
    0x00, 0x00, 0x00, 0x00, 0x00, 0x00, 0x00, 0x00, 0x00, 0x00, 0x00, 0x00, 0x00, 0x00, 0x00, 0x00, 0x00, 0x00, 0x00, 0x00, 0x00, 0x00, 0x00, 0x00,
    0x00, 0x00, 0x00, 0x00, 0x00, 0x00, 0x00, 0x00, 0x00, 0x00, 0x00, 0x00, 0x00, 0x00, 0x00, 0x00, 0x00, 0x00, 0x00, 0x00, 0x00, 0x00, 0x00, 0x00,
    0x00, 0x00, 0x00, 0x00, 0x00, 0x00, 0x00, 0x00, 0x00, 0x00, 0x00, 0x00, 0x00, 0x00, 0x00, 0x00, 0x00, 0x00, 0x00, 0x00, 0x00, 0x00, 0x00, 0x00,
    0x00, 0x00, 0x00, 0x00, 0x00, 0x00, 0x00, 0x00, 0x00, 0x00, 0x00, 0x00, 0x00, 0x00, 0x00, 0x00, 0x00, 0x00, 0x00, 0x01, 0xAA, 0xAA, 0xAA, 0x03,
    0x7F, 0x7F, 0x7F, 0x04, 0x7F, 0x7F, 0x7F, 0x04, 0x7F, 0x7F, 0x7F, 0x04, 0x7F, 0x7F, 0x7F, 0x04, 0x3F, 0x3F, 0x3F, 0x04, 0x7F, 0x7F, 0x7F, 0x04,
    0x7F, 0x7F, 0x7F, 0x04, 0x7F, 0x7F, 0x7F, 0x04, 0x7F, 0x7F, 0x7F, 0x04, 0x7F, 0x7F, 0x7F, 0x04, 0x7F, 0x7F, 0x7F, 0x04, 0x7F, 0x7F, 0x7F, 0x04,
    0x7F, 0x7F, 0x7F, 0x04, 0x7F, 0x7F, 0x7F, 0x04, 0x7F, 0x7F, 0x7F, 0x04, 0x7F, 0x7F, 0x7F, 0x04, 0x7F, 0x7F, 0x7F, 0x04, 0x7F, 0x7F, 0x7F, 0x04,
    0x7F, 0x7F, 0x7F, 0x04, 0x3F, 0x3F, 0x3F, 0x04, 0x7F, 0x7F, 0x7F, 0x04, 0x7F, 0x7F, 0x7F, 0x04, 0x7F, 0x7F, 0x7F, 0x04, 0x7F, 0x7F, 0x7F, 0x04,
    0x7F, 0x7F, 0x7F, 0x04, 0x7F, 0x7F, 0x7F, 0x04, 0x7F, 0x7F, 0x7F, 0x04, 0x7F, 0x7F, 0x7F, 0x04, 0x7F, 0x7F, 0x7F, 0x04, 0x7F, 0x7F, 0x7F, 0x04,
    0x7F, 0x7F, 0x7F, 0x04, 0x7F, 0x7F, 0x7F, 0x04, 0x7F, 0x7F, 0x7F, 0x04, 0x7F, 0x7F, 0x7F, 0x04, 0x3F, 0x3F, 0x3F, 0x04, 0x7F, 0x7F, 0x7F, 0x04,
    0x7F, 0x7F, 0x7F, 0x04, 0x7F, 0x7F, 0x7F, 0x04, 0xAA, 0xAA, 0xAA, 0x03, 0x7F, 0x7F, 0x7F, 0x04, 0x55, 0x55, 0x55, 0x03, 0x00, 0x00, 0x00, 0x00,
    0x00, 0x00, 0x00, 0x00, 0x00, 0x00, 0x00, 0x00, 0x00, 0x00, 0x00, 0x00, 0x00, 0x00, 0x00, 0x00, 0x00, 0x00, 0x00, 0x00, 0x00, 0x00, 0x00, 0x00,
    0x00, 0x00, 0x00, 0x00, 0x00, 0x00, 0x00, 0x00, 0x00, 0x00, 0x00, 0x00, 0x00, 0x00, 0x00, 0x00, 0x00, 0x00, 0x00, 0x00, 0x00, 0x00, 0x00, 0x00,
    0x00, 0x00, 0x00, 0x00, 0x00, 0x00, 0x00, 0x00, 0x00, 0x00, 0x00, 0x00, 0x00, 0x00, 0x00, 0x00, 0x00, 0x00, 0x00, 0x00, 0x00, 0x00, 0x00, 0x00,
    0x00, 0x00, 0x00, 0x00, 0x00, 0x00, 0x00, 0x00, 0x00, 0x00, 0x00, 0x00, 0x00, 0x00, 0x00, 0x00, 0x00, 0x00, 0x00, 0x00, 0x00, 0x00, 0x00, 0x00,
    0x00, 0x00, 0x00, 0x00, 0x00, 0x00, 0x00, 0x00, 0x00, 0x00, 0x00, 0x00, 0x00, 0x00, 0x00, 0x00, 0x00, 0x00, 0x00, 0x00, 0x00, 0x00, 0x00, 0x00,
    0x00, 0x00, 0x00, 0x00, 0x00, 0x00, 0x00, 0x00, 0x00, 0x00, 0x00, 0x00, 0x00, 0x00, 0x00, 0x00, 0x00, 0x00, 0x00, 0x00, 0x00, 0x00, 0x00, 0x00,
    0x00, 0x00, 0x00, 0x00, 0x00, 0x00, 0x00, 0x00, 0x00, 0x00, 0x00, 0x00, 0x00, 0x00, 0x00, 0x00, 0x00, 0x00, 0x00, 0x00, 0x00, 0x00, 0x00, 0x00,
    0x00, 0x00, 0x00, 0x00, 0x00, 0x00, 0x00, 0x00, 0x00, 0x00, 0x00, 0x00, 0x00, 0x00, 0x00, 0x00, 0x00, 0x00, 0x00, 0x00, 0x00, 0x00, 0x00, 0x00,
    0x00, 0x00, 0x00, 0x00, 0x00, 0x00, 0x00, 0x00, 0x00, 0x00, 0x00, 0x00, 0x00, 0x00, 0x00, 0x00, 0x00, 0x00, 0x00, 0x00, 0x00, 0x00, 0x00, 0x00,
    0x00, 0x00, 0x00, 0x00, 0x00, 0x00, 0x00, 0x00, 0x00, 0x00, 0x00, 0x00, 0x00, 0x00, 0x00, 0x00, 0x00, 0x00, 0x00, 0x00, 0x00, 0x00, 0x00, 0x00,
    0x00, 0x00, 0x00, 0x00, 0x00, 0x00, 0x00, 0x00, 0x00, 0x00, 0x00, 0x00, 0x00, 0x00, 0x00, 0x00, 0x00, 0x00, 0x00, 0x00, 0x00, 0x00, 0x00, 0x00,
    0x00, 0x00, 0x00, 0x00, 0x00, 0x00, 0x00, 0x00, 0x00, 0x00, 0x00, 0x00, 0x00, 0x00, 0x00, 0x00, 0x00, 0x00, 0x00, 0x00, 0x00, 0x00, 0x00, 0x00,
    0x00, 0x00, 0x00, 0x00, 0x00, 0x00, 0x00, 0x00, 0x00, 0x00, 0x00, 0x00, 0x00, 0x00, 0x00, 0x00, 0x00, 0x00, 0x00, 0x00, 0x00, 0x00, 0x00, 0x00,
    0x00, 0x00, 0x00, 0x00, 0x00, 0x00, 0x00, 0x00, 0x00, 0x00, 0x00, 0x00, 0x00, 0x00, 0x00, 0x00, 0x00, 0x00, 0x00, 0x00, 0x00, 0x00, 0x00, 0x00,
    0x00, 0x00, 0x00, 0x00, 0x00, 0x00, 0x00, 0x00, 0x00, 0x00, 0x00, 0x00, 0x00, 0x00, 0x00, 0x00, 0x00, 0x00, 0x00, 0x00, 0x00, 0x00, 0x00, 0x00,
    0x00, 0x00, 0x00, 0x00, 0x00, 0x00, 0x00, 0x00, 0x00, 0x00, 0x00, 0x00, 0x00, 0x00, 0x00, 0x00, 0x00, 0x00, 0x00, 0x00, 0x00, 0x00, 0x00, 0x00,
    0x00, 0x00, 0x00, 0x00, 0x00, 0x00, 0x00, 0x00, 0x00, 0x00, 0x00, 0x00, 0x00, 0x00, 0x00, 0x00, 0x00, 0x00, 0x00, 0x00, 0x00, 0x00, 0x00, 0x00,
    0x00, 0x00, 0x00, 0x00, 0x00, 0x00, 0x00, 0x00, 0x00, 0x00, 0x00, 0x00, 0x00, 0x00, 0x00, 0x00, 0x00, 0x00, 0x00, 0x00, 0x00, 0x00, 0x00, 0x00,
    0x00, 0x00, 0x00, 0x00, 0x00, 0x00, 0x00, 0x00, 0x00, 0x00, 0x00, 0x00, 0x00, 0x00, 0x00, 0x00, 0x00, 0x00, 0x00, 0x00, 0x00, 0x00, 0x00, 0x00,
    0x00, 0x00, 0x00, 0x01, 0x00, 0x00, 0x00, 0x00, 0x9F, 0x9F, 0x7F, 0x08, 0x7F, 0x82, 0x85, 0x54, 0x78, 0x80, 0x83, 0x61, 0x7F, 0x87, 0x87, 0x5E,
    0x80, 0x86, 0x88, 0x5F, 0x76, 0x7E, 0x7E, 0x5F, 0x5B, 0x5D, 0x5D, 0x5F, 0x86, 0x88, 0x8B, 0x5F, 0x8B, 0x93, 0x96, 0x5F, 0x70, 0x78, 0x78, 0x5F,
    0x70, 0x76, 0x78, 0x5F, 0x7B, 0x80, 0x83, 0x5F, 0x7E, 0x86, 0x86, 0x5F, 0x76, 0x7B, 0x7E, 0x5F, 0x76, 0x7B, 0x7B, 0x5F, 0x80, 0x86, 0x88, 0x5F,
    0x78, 0x80, 0x83, 0x5F, 0x7B, 0x80, 0x83, 0x5F, 0x80, 0x86, 0x88, 0x5F, 0x80, 0x86, 0x88, 0x5F, 0x70, 0x76, 0x78, 0x5F, 0x5B, 0x5D, 0x60, 0x5F,
    0x93, 0x99, 0x99, 0x5F, 0x80, 0x88, 0x8B, 0x5F, 0x70, 0x76, 0x78, 0x5F, 0x73, 0x78, 0x7B, 0x5F, 0x7B, 0x83, 0x83, 0x5F, 0x7E, 0x83, 0x86, 0x5F,
    0x76, 0x78, 0x7B, 0x5F, 0x78, 0x7B, 0x7E, 0x5F, 0x80, 0x88, 0x88, 0x5F, 0x78, 0x80, 0x83, 0x5F, 0x7B, 0x83, 0x83, 0x5F, 0x80, 0x86, 0x88, 0x5F,
    0x7E, 0x86, 0x86, 0x5F, 0x68, 0x70, 0x70, 0x5F, 0x66, 0x68, 0x68, 0x5F, 0x96, 0x9B, 0x9E, 0x5F, 0x7B, 0x83, 0x86, 0x5F, 0x6E, 0x76, 0x76, 0x5F,
    0x74, 0x7C, 0x7C, 0x5E, 0x82, 0x87, 0x8A, 0x60, 0x7D, 0x81, 0x81, 0x41, 0x00, 0x00, 0x00, 0x00, 0x00, 0x00, 0x00, 0x00, 0x00, 0x00, 0x00, 0x00,
    0x00, 0x00, 0x00, 0x00, 0x00, 0x00, 0x00, 0x00, 0x00, 0x00, 0x00, 0x00, 0x00, 0x00, 0x00, 0x00, 0x00, 0x00, 0x00, 0x00, 0x00, 0x00, 0x00, 0x00,
    0x00, 0x00, 0x00, 0x00, 0x00, 0x00, 0x00, 0x00, 0x00, 0x00, 0x00, 0x00, 0x00, 0x00, 0x00, 0x00, 0x00, 0x00, 0x00, 0x00, 0x00, 0x00, 0x00, 0x00,
    0x00, 0x00, 0x00, 0x00, 0x00, 0x00, 0x00, 0x00, 0x00, 0x00, 0x00, 0x00, 0x00, 0x00, 0x00, 0x00, 0x00, 0x00, 0x00, 0x00, 0x00, 0x00, 0x00, 0x00,
    0x00, 0x00, 0x00, 0x00, 0x00, 0x00, 0x00, 0x00, 0x00, 0x00, 0x00, 0x00, 0x00, 0x00, 0x00, 0x00, 0x00, 0x00, 0x00, 0x00, 0x00, 0x00, 0x00, 0x00,
    0x00, 0x00, 0x00, 0x00, 0x00, 0x00, 0x00, 0x00, 0x00, 0x00, 0x00, 0x00, 0x00, 0x00, 0x00, 0x00, 0x00, 0x00, 0x00, 0x00, 0x00, 0x00, 0x00, 0x00,
    0x00, 0x00, 0x00, 0x00, 0x00, 0x00, 0x00, 0x00, 0x55, 0x55, 0x55, 0x03, 0x00, 0x00, 0x00, 0x00, 0x78, 0x7C, 0x7C, 0x96, 0x8F, 0x88, 0x86, 0xFF,
    0x91, 0x83, 0x80, 0xFF, 0x95, 0x8A, 0x87, 0xFF, 0x92, 0x87, 0x84, 0xFF, 0x84, 0x78, 0x75, 0xFF, 0x72, 0x6B, 0x69, 0xFF, 0x92, 0x8B, 0x89, 0xFF,
    0x9E, 0x90, 0x8D, 0xFF, 0x87, 0x7A, 0x77, 0xFF, 0x84, 0x78, 0x75, 0xFF, 0x8B, 0x80, 0x7D, 0xFF, 0x8C, 0x80, 0x7D, 0xFF, 0x8C, 0x83, 0x80, 0xFF,
    0x8B, 0x85, 0x84, 0xFF, 0x8B, 0x7F, 0x7C, 0xFF, 0x8E, 0x81, 0x7E, 0xFF, 0x93, 0x86, 0x83, 0xFF, 0x95, 0x8A, 0x87, 0xFF, 0x8F, 0x83, 0x80, 0xFF,
    0x7F, 0x73, 0x70, 0xFF, 0x73, 0x6E, 0x6D, 0xFF, 0x9D, 0x94, 0x92, 0xFF, 0x98, 0x8A, 0x87, 0xFF, 0x84, 0x78, 0x75, 0xFF, 0x85, 0x7A, 0x77, 0xFF,
    0x8B, 0x80, 0x7D, 0xFF, 0x8C, 0x80, 0x7C, 0xFF, 0x8C, 0x84, 0x81, 0xFF, 0x8B, 0x84, 0x83, 0xFF, 0x8C, 0x80, 0x7D, 0xFF, 0x8F, 0x82, 0x7F, 0xFF,
    0x93, 0x87, 0x84, 0xFF, 0x94, 0x8A, 0x87, 0xFF, 0x8D, 0x81, 0x7E, 0xFF, 0x7B, 0x70, 0x6D, 0xFF, 0x79, 0x75, 0x73, 0xFF, 0xA0, 0x96, 0x93, 0xFF,
    0x93, 0x85, 0x81, 0xFF, 0x83, 0x77, 0x74, 0xFF, 0x87, 0x7B, 0x78, 0xFF, 0x8C, 0x80, 0x7D, 0xFF, 0x87, 0x84, 0x83, 0xFF, 0x77, 0x7A, 0x7A, 0x53,
    0x00, 0x00, 0x00, 0x00, 0xAA, 0xAA, 0xAA, 0x03, 0x00, 0x00, 0x00, 0x00, 0x00, 0x00, 0x00, 0x00, 0x00, 0x00, 0x00, 0x00, 0x00, 0x00, 0x00, 0x00,
    0x00, 0x00, 0x00, 0x00, 0x00, 0x00, 0x00, 0x00, 0x00, 0x00, 0x00, 0x00, 0x00, 0x00, 0x00, 0x00, 0x00, 0x00, 0x00, 0x00, 0x00, 0x00, 0x00, 0x00,
    0x00, 0x00, 0x00, 0x00, 0x00, 0x00, 0x00, 0x00, 0x00, 0x00, 0x00, 0x00, 0x00, 0x00, 0x00, 0x00, 0x00, 0x00, 0x00, 0x00, 0x00, 0x00, 0x00, 0x00,
    0x00, 0x00, 0x00, 0x00, 0x00, 0x00, 0x00, 0x00, 0x00, 0x00, 0x00, 0x00, 0x00, 0x00, 0x00, 0x00, 0x00, 0x00, 0x00, 0x00, 0x00, 0x00, 0x00, 0x00,
    0x00, 0x00, 0x00, 0x00, 0x00, 0x00, 0x00, 0x00, 0x00, 0x00, 0x00, 0x00, 0x00, 0x00, 0x00, 0x00, 0x00, 0x00, 0x00, 0x00, 0x00, 0x00, 0x00, 0x00,
    0x00, 0x00, 0x00, 0x00, 0x00, 0x00, 0x00, 0x00, 0x00, 0x00, 0x00, 0x00, 0x00, 0x00, 0x00, 0x00, 0xFF, 0xFF, 0xFF, 0x01, 0x00, 0x00, 0x00, 0x00,
    0x79, 0x80, 0x81, 0xD2, 0x90, 0x6B, 0x61, 0xFC, 0x96, 0x4F, 0x3D, 0xF9, 0x8E, 0x51, 0x40, 0xFC, 0x90, 0x52, 0x41, 0xFC, 0x84, 0x46, 0x34, 0xFC,
    0x99, 0x7A, 0x72, 0xFC, 0x9E, 0x6F, 0x62, 0xFC, 0x98, 0x50, 0x3D, 0xFC, 0x92, 0x53, 0x42, 0xFC, 0x8F, 0x50, 0x3F, 0xFC, 0x8D, 0x4F, 0x3E, 0xFC,
    0x8D, 0x4B, 0x39, 0xFC, 0x9C, 0x6B, 0x5D, 0xFC, 0xAE, 0x8B, 0x81, 0xFC, 0x96, 0x51, 0x3E, 0xFC, 0x95, 0x53, 0x42, 0xFC, 0x92, 0x51, 0x41, 0xFC,
    0x8E, 0x50, 0x3F, 0xFC, 0x8F, 0x50, 0x3F, 0xFC, 0x84, 0x49, 0x39, 0xFC, 0xA3, 0x88, 0x82, 0xFC, 0x9A, 0x5E, 0x4D, 0xFC, 0x99, 0x53, 0x41, 0xFC,
    0x90, 0x52, 0x41, 0xFC, 0x8F, 0x50, 0x3F, 0xFC, 0x8D, 0x4F, 0x3F, 0xFC, 0x8E, 0x4A, 0x38, 0xFC, 0xA1, 0x76, 0x6B, 0xFC, 0xAC, 0x83, 0x78, 0xFC,
    0x94, 0x4D, 0x3B, 0xFC, 0x94, 0x53, 0x43, 0xFC, 0x91, 0x52, 0x40, 0xFC, 0x8F, 0x51, 0x40, 0xFC, 0x8D, 0x4D, 0x3B, 0xFC, 0x88, 0x52, 0x44, 0xFC,
    0xA3, 0x86, 0x80, 0xFC, 0x98, 0x57, 0x46, 0xFC, 0x98, 0x55, 0x42, 0xFC, 0x8F, 0x51, 0x40, 0xFC, 0x8E, 0x50, 0x3F, 0xFC, 0x8E, 0x4C, 0x3A, 0xF7,
    0x8C, 0x7B, 0x76, 0xFE, 0x7A, 0x82, 0x84, 0x8B, 0x00, 0x00, 0x00, 0x00, 0x7F, 0x7F, 0x7F, 0x04, 0x00, 0x00, 0x00, 0x00, 0x00, 0x00, 0x00, 0x00,
    0x00, 0x00, 0x00, 0x00, 0x00, 0x00, 0x00, 0x00, 0x00, 0x00, 0x00, 0x00, 0x00, 0x00, 0x00, 0x00, 0x00, 0x00, 0x00, 0x00, 0x00, 0x00, 0x00, 0x00,
    0x00, 0x00, 0x00, 0x00, 0x00, 0x00, 0x00, 0x00, 0x00, 0x00, 0x00, 0x00, 0x00, 0x00, 0x00, 0x00, 0x00, 0x00, 0x00, 0x00, 0x00, 0x00, 0x00, 0x00,
    0x00, 0x00, 0x00, 0x00, 0x00, 0x00, 0x00, 0x00, 0x00, 0x00, 0x00, 0x00, 0x00, 0x00, 0x00, 0x00, 0x00, 0x00, 0x00, 0x00, 0x00, 0x00, 0x00, 0x00,
    0x00, 0x00, 0x00, 0x00, 0x00, 0x00, 0x00, 0x00, 0x00, 0x00, 0x00, 0x00, 0x00, 0x00, 0x00, 0x00, 0x00, 0x00, 0x00, 0x00, 0x00, 0x00, 0x00, 0x00,
    0x00, 0x00, 0x00, 0x00, 0x00, 0x00, 0x00, 0x00, 0x00, 0x00, 0x00, 0x00, 0x00, 0x00, 0x00, 0x00, 0x00, 0x00, 0x00, 0x00, 0x00, 0x00, 0x00, 0x00,
    0xFF, 0xFF, 0xFF, 0x01, 0x00, 0x00, 0x00, 0x00, 0x76, 0x7D, 0x7E, 0xCC, 0x7B, 0x5B, 0x52, 0xFF, 0x79, 0x39, 0x29, 0xFC, 0x77, 0x3F, 0x30, 0xFF,
    0x79, 0x3F, 0x2F, 0xFF, 0x6D, 0x33, 0x23, 0xFF, 0x93, 0x75, 0x6D, 0xFF, 0xA7, 0x6F, 0x61, 0xFF, 0x7C, 0x3B, 0x2A, 0xFF, 0x75, 0x3D, 0x2D, 0xFF,
    0x78, 0x3F, 0x2F, 0xFF, 0x7B, 0x40, 0x30, 0xFF, 0x77, 0x38, 0x28, 0xFF, 0x8A, 0x5B, 0x4F, 0xFF, 0xAD, 0x87, 0x7D, 0xFF, 0x87, 0x43, 0x2F, 0xFF,
    0x71, 0x3B, 0x2C, 0xFF, 0x7A, 0x3F, 0x30, 0xFF, 0x77, 0x3E, 0x2E, 0xFF, 0x77, 0x3D, 0x2E, 0xFF, 0x6F, 0x39, 0x2A, 0xFF, 0xA3, 0x87, 0x82, 0xFF,
    0x9D, 0x5A, 0x48, 0xFF, 0x76, 0x3B, 0x2B, 0xFF, 0x76, 0x3D, 0x2E, 0xFF, 0x78, 0x3F, 0x2F, 0xFF, 0x7B, 0x40, 0x30, 0xFF, 0x76, 0x37, 0x26, 0xFF,
    0x91, 0x69, 0x5E, 0xFF, 0xAC, 0x80, 0x73, 0xFF, 0x7F, 0x3C, 0x29, 0xFF, 0x73, 0x3C, 0x2D, 0xFF, 0x7A, 0x40, 0x2F, 0xFF, 0x77, 0x3E, 0x2E, 0xFF,
    0x75, 0x3A, 0x2A, 0xFF, 0x75, 0x44, 0x38, 0xFF, 0xA8, 0x88, 0x81, 0xFF, 0x94, 0x4F, 0x3C, 0xFF, 0x74, 0x3B, 0x2C, 0xFF, 0x77, 0x3E, 0x2E, 0xFF,
    0x79, 0x40, 0x30, 0xFF, 0x79, 0x3A, 0x2A, 0xFB, 0x83, 0x72, 0x6E, 0xFF, 0x79, 0x7F, 0x81, 0x86, 0x00, 0x00, 0x00, 0x00, 0x7F, 0x7F, 0x7F, 0x04,
    0x00, 0x00, 0x00, 0x00, 0x00, 0x00, 0x00, 0x00, 0x00, 0x00, 0x00, 0x00, 0x00, 0x00, 0x00, 0x00, 0x00, 0x00, 0x00, 0x00, 0x00, 0x00, 0x00, 0x00,
    0x00, 0x00, 0x00, 0x00, 0x00, 0x00, 0x00, 0x00, 0x00, 0x00, 0x00, 0x00, 0x00, 0x00, 0x00, 0x00, 0x00, 0x00, 0x00, 0x00, 0x00, 0x00, 0x00, 0x00,
    0x00, 0x00, 0x00, 0x00, 0x00, 0x00, 0x00, 0x00, 0x00, 0x00, 0x00, 0x00, 0x00, 0x00, 0x00, 0x00, 0x00, 0x00, 0x00, 0x00, 0x00, 0x00, 0x00, 0x00,
    0x00, 0x00, 0x00, 0x00, 0x00, 0x00, 0x00, 0x00, 0x00, 0x00, 0x00, 0x00, 0x00, 0x00, 0x00, 0x00, 0x00, 0x00, 0x00, 0x00, 0x00, 0x00, 0x00, 0x00,
    0x00, 0x00, 0x00, 0x00, 0x00, 0x00, 0x00, 0x00, 0x00, 0x00, 0x00, 0x00, 0x00, 0x00, 0x00, 0x00, 0x00, 0x00, 0x00, 0x00, 0x00, 0x00, 0x00, 0x00,
    0x00, 0x00, 0x00, 0x00, 0x00, 0x00, 0x00, 0x00, 0xFF, 0xFF, 0xFF, 0x01, 0x00, 0x00, 0x00, 0x00, 0x59, 0x5C, 0x5D, 0xCD, 0x7B, 0x69, 0x64, 0xFF,
    0x92, 0x6C, 0x61, 0xFC, 0x8C, 0x69, 0x5F, 0xFF, 0x8E, 0x6D, 0x63, 0xFF, 0x8C, 0x69, 0x5F, 0xFF, 0xA4, 0x8F, 0x89, 0xFF, 0xA6, 0x88, 0x7F, 0xFF,
    0x8F, 0x6A, 0x60, 0xFF, 0x8C, 0x6B, 0x61, 0xFF, 0x8D, 0x68, 0x5D, 0xFF, 0x91, 0x6E, 0x64, 0xFF, 0x8B, 0x68, 0x5F, 0xFF, 0x98, 0x7C, 0x74, 0xFF,
    0xAC, 0x94, 0x8D, 0xFF, 0x90, 0x6B, 0x61, 0xFF, 0x88, 0x69, 0x61, 0xFF, 0x8F, 0x6B, 0x60, 0xFF, 0x8D, 0x6A, 0x60, 0xFF, 0x8D, 0x6C, 0x63, 0xFF,
    0x8F, 0x6D, 0x63, 0xFF, 0xAC, 0x99, 0x94, 0xFF, 0x9F, 0x7B, 0x70, 0xFF, 0x8D, 0x6A, 0x60, 0xFF, 0x8C, 0x6A, 0x61, 0xFF, 0x8E, 0x69, 0x5E, 0xFF,
    0x91, 0x6F, 0x65, 0xFF, 0x8A, 0x67, 0x5E, 0xFF, 0x9D, 0x84, 0x7C, 0xFF, 0xA9, 0x8F, 0x87, 0xFF, 0x8C, 0x68, 0x5E, 0xFF, 0x8A, 0x6A, 0x61, 0xFF,
    0x8F, 0x6A, 0x5F, 0xFF, 0x8D, 0x6B, 0x61, 0xFF, 0x8D, 0x6B, 0x61, 0xFF, 0x93, 0x74, 0x6B, 0xFF, 0xAC, 0x99, 0x93, 0xFF, 0x9A, 0x74, 0x69, 0xFF,
    0x8C, 0x6B, 0x61, 0xFF, 0x8C, 0x69, 0x5F, 0xFF, 0x8F, 0x6A, 0x5F, 0xFF, 0x92, 0x6F, 0x64, 0xFB, 0x71, 0x67, 0x65, 0xFF, 0x5A, 0x5E, 0x5C, 0x87,
    0x00, 0x00, 0x00, 0x00, 0x3F, 0x3F, 0x3F, 0x04, 0x00, 0x00, 0x00, 0x00, 0x00, 0x00, 0x00, 0x00, 0x00, 0x00, 0x00, 0x00, 0x00, 0x00, 0x00, 0x00,
    0x00, 0x00, 0x00, 0x00, 0x00, 0x00, 0x00, 0x00, 0x00, 0x00, 0x00, 0x00, 0x00, 0x00, 0x00, 0x00, 0x00, 0x00, 0x00, 0x00, 0x00, 0x00, 0x00, 0x00,
    0x00, 0x00, 0x00, 0x00, 0x00, 0x00, 0x00, 0x00, 0x00, 0x00, 0x00, 0x00, 0x00, 0x00, 0x00, 0x00, 0x00, 0x00, 0x00, 0x00, 0x00, 0x00, 0x00, 0x00,
    0x00, 0x00, 0x00, 0x00, 0x00, 0x00, 0x00, 0x00, 0x00, 0x00, 0x00, 0x00, 0x00, 0x00, 0x00, 0x00, 0x00, 0x00, 0x00, 0x00, 0x00, 0x00, 0x00, 0x00,
    0x00, 0x00, 0x00, 0x00, 0x00, 0x00, 0x00, 0x00, 0x00, 0x00, 0x00, 0x00, 0x00, 0x00, 0x00, 0x00, 0x00, 0x00, 0x00, 0x00, 0x00, 0x00, 0x00, 0x00,
    0x00, 0x00, 0x00, 0x00, 0x00, 0x00, 0x00, 0x00, 0x00, 0x00, 0x00, 0x00, 0x00, 0x00, 0x00, 0x00, 0xFF, 0xFF, 0xFF, 0x01, 0x00, 0x00, 0x00, 0x00,
    0x80, 0x83, 0x86, 0xCD, 0x95, 0x7A, 0x72, 0xFF, 0xA2, 0x7E, 0x74, 0xFC, 0xA3, 0x8B, 0x85, 0xFF, 0x9F, 0x70, 0x63, 0xFF, 0x9D, 0x73, 0x67, 0xFF,
    0xA6, 0x77, 0x69, 0xFF, 0xA6, 0x77, 0x69, 0xFF, 0xA6, 0x76, 0x69, 0xFF, 0x9C, 0x71, 0x67, 0xFF, 0xA5, 0x90, 0x8A, 0xFF, 0xA2, 0x78, 0x6C, 0xFF,
    0xA5, 0x74, 0x67, 0xFF, 0xA1, 0x73, 0x66, 0xFF, 0xA2, 0x73, 0x66, 0xFF, 0x9E, 0x72, 0x66, 0xFF, 0x9B, 0x6D, 0x61, 0xFF, 0xA3, 0x89, 0x81, 0xFF,
    0xA1, 0x82, 0x79, 0xFF, 0xA0, 0x71, 0x63, 0xFF, 0x9D, 0x71, 0x66, 0xFF, 0xAA, 0x78, 0x6A, 0xFF, 0xA3, 0x75, 0x68, 0xFF, 0xA6, 0x74, 0x67, 0xFF,
    0x9A, 0x76, 0x6C, 0xFF, 0xA7, 0x92, 0x8B, 0xFF, 0xA2, 0x73, 0x66, 0xFF, 0xA5, 0x76, 0x68, 0xFF, 0xA2, 0x74, 0x67, 0xFF, 0xA2, 0x74, 0x67, 0xFF,
    0x9D, 0x71, 0x65, 0xFF, 0x9C, 0x6E, 0x62, 0xFF, 0xA4, 0x8D, 0x86, 0xFF, 0xA1, 0x7C, 0x72, 0xFF, 0x9F, 0x72, 0x65, 0xFF, 0x9E, 0x73, 0x66, 0xFF,
    0xAA, 0x79, 0x6B, 0xFF, 0xA4, 0x76, 0x69, 0xFF, 0xA3, 0x72, 0x65, 0xFF, 0x9D, 0x7F, 0x77, 0xFF, 0xA5, 0x8B, 0x83, 0xFF, 0xA4, 0x71, 0x63, 0xFB,
    0x8F, 0x81, 0x7E, 0xFF, 0x69, 0x6F, 0x71, 0x87, 0x00, 0x00, 0x00, 0x00, 0x3F, 0x3F, 0x3F, 0x04, 0x00, 0x00, 0x00, 0x00, 0x00, 0x00, 0x00, 0x00,
    0x00, 0x00, 0x00, 0x00, 0x00, 0x00, 0x00, 0x00, 0x00, 0x00, 0x00, 0x00, 0x00, 0x00, 0x00, 0x00, 0x00, 0x00, 0x00, 0x00, 0x00, 0x00, 0x00, 0x00,
    0x00, 0x00, 0x00, 0x00, 0x00, 0x00, 0x00, 0x00, 0x00, 0x00, 0x00, 0x00, 0x00, 0x00, 0x00, 0x00, 0x00, 0x00, 0x00, 0x00, 0x00, 0x00, 0x00, 0x00,
    0x00, 0x00, 0x00, 0x00, 0x00, 0x00, 0x00, 0x00, 0x00, 0x00, 0x00, 0x00, 0x00, 0x00, 0x00, 0x00, 0x00, 0x00, 0x00, 0x00, 0x00, 0x00, 0x00, 0x00,
    0x00, 0x00, 0x00, 0x00, 0x00, 0x00, 0x00, 0x00, 0x00, 0x00, 0x00, 0x00, 0x00, 0x00, 0x00, 0x00, 0x00, 0x00, 0x00, 0x00, 0x00, 0x00, 0x00, 0x00,
    0x00, 0x00, 0x00, 0x00, 0x00, 0x00, 0x00, 0x00, 0x00, 0x00, 0x00, 0x00, 0x00, 0x00, 0x00, 0x00, 0x00, 0x00, 0x00, 0x00, 0x00, 0x00, 0x00, 0x00,
    0xFF, 0xFF, 0xFF, 0x01, 0x00, 0x00, 0x00, 0x00, 0x9F, 0xA6, 0xA9, 0xCD, 0x91, 0x65, 0x5A, 0xFD, 0x9A, 0x62, 0x53, 0xFB, 0xB7, 0x8E, 0x82, 0xFE,
    0x9A, 0x48, 0x32, 0xFE, 0x7C, 0x3E, 0x2E, 0xFE, 0x78, 0x3A, 0x2A, 0xFE, 0x83, 0x41, 0x2E, 0xFE, 0x87, 0x42, 0x2E, 0xFE, 0x87, 0x46, 0x35, 0xFE,
    0xAA, 0x8C, 0x83, 0xFE, 0x9C, 0x56, 0x43, 0xFE, 0x8B, 0x43, 0x30, 0xFE, 0x87, 0x44, 0x32, 0xFE, 0x88, 0x43, 0x31, 0xFE, 0x83, 0x42, 0x2F, 0xFE,
    0x84, 0x3B, 0x28, 0xFE, 0xA5, 0x7F, 0x74, 0xFE, 0xB3, 0x7A, 0x6A, 0xFF, 0x90, 0x46, 0x32, 0xFF, 0x79, 0x40, 0x31, 0xFF, 0x7B, 0x40, 0x30, 0xFF,
    0x86, 0x47, 0x35, 0xFF, 0x87, 0x43, 0x30, 0xFF, 0x8D, 0x56, 0x47, 0xFF, 0xAE, 0x8F, 0x86, 0xFF, 0x97, 0x4A, 0x35, 0xFE, 0x8A, 0x45, 0x32, 0xFE,
    0x87, 0x44, 0x32, 0xFE, 0x87, 0x44, 0x31, 0xFE, 0x83, 0x41, 0x2F, 0xFE, 0x87, 0x40, 0x2C, 0xFE, 0xAB, 0x89, 0x7F, 0xFE, 0xAE, 0x6C, 0x5A, 0xFE,
    0x8B, 0x40, 0x2D, 0xFE, 0x77, 0x3B, 0x2B, 0xFE, 0x7C, 0x3C, 0x2B, 0xFE, 0x87, 0x44, 0x31, 0xFE, 0x83, 0x3C, 0x28, 0xFE, 0x96, 0x68, 0x5C, 0xFE,
    0xAB, 0x81, 0x75, 0xFE, 0x92, 0x40, 0x29, 0xFA, 0x91, 0x7D, 0x78, 0xFD, 0x78, 0x7F, 0x81, 0x88, 0x00, 0x00, 0x00, 0x00, 0x7F, 0x7F, 0x7F, 0x04,
    0x00, 0x00, 0x00, 0x00, 0x00, 0x00, 0x00, 0x00, 0x00, 0x00, 0x00, 0x00, 0x00, 0x00, 0x00, 0x00, 0x00, 0x00, 0x00, 0x00, 0x00, 0x00, 0x00, 0x00,
    0x00, 0x00, 0x00, 0x00, 0x00, 0x00, 0x00, 0x00, 0x00, 0x00, 0x00, 0x00, 0x00, 0x00, 0x00, 0x00, 0x00, 0x00, 0x00, 0x00, 0x00, 0x00, 0x00, 0x00,
    0x00, 0x00, 0x00, 0x00, 0x00, 0x00, 0x00, 0x00, 0x00, 0x00, 0x00, 0x00, 0x00, 0x00, 0x00, 0x00, 0x00, 0x00, 0x00, 0x00, 0x00, 0x00, 0x00, 0x00,
    0x00, 0x00, 0x00, 0x00, 0x00, 0x00, 0x00, 0x00, 0x00, 0x00, 0x00, 0x00, 0x00, 0x00, 0x00, 0x00, 0x00, 0x00, 0x00, 0x00, 0x00, 0x00, 0x00, 0x00,
    0x00, 0x00, 0x00, 0x00, 0x00, 0x00, 0x00, 0x00, 0x00, 0x00, 0x00, 0x00, 0x00, 0x00, 0x00, 0x00, 0x00, 0x00, 0x00, 0x00, 0x00, 0x00, 0x00, 0x00,
    0x00, 0x00, 0x00, 0x00, 0x00, 0x00, 0x00, 0x00, 0x7F, 0x7F, 0x7F, 0x02, 0x00, 0x00, 0x00, 0x00, 0x8C, 0x91, 0x92, 0xCD, 0x83, 0x6B, 0x64, 0xFF,
    0x84, 0x68, 0x60, 0xFF, 0xA9, 0x8E, 0x86, 0xFF, 0x8F, 0x5F, 0x51, 0xFF, 0x79, 0x55, 0x4B, 0xFF, 0x75, 0x53, 0x4A, 0xFF, 0x79, 0x55, 0x4C, 0xFF,
    0x7D, 0x58, 0x4E, 0xFF, 0x82, 0x5C, 0x52, 0xFF, 0x9E, 0x8B, 0x85, 0xFF, 0x8D, 0x65, 0x5A, 0xFF, 0x80, 0x56, 0x4B, 0xFF, 0x79, 0x51, 0x47, 0xFF,
    0x7E, 0x55, 0x4B, 0xFF, 0x85, 0x5D, 0x53, 0xFF, 0x7A, 0x52, 0x47, 0xFF, 0x8F, 0x7C, 0x76, 0xFF, 0xA6, 0x7E, 0x72, 0xFF, 0x86, 0x47, 0x36, 0xFF,
    0x75, 0x41, 0x33, 0xFF, 0x6D, 0x3C, 0x2F, 0xFF, 0x77, 0x43, 0x35, 0xFF, 0x76, 0x3F, 0x30, 0xFF, 0x83, 0x55, 0x49, 0xFF, 0x9E, 0x8B, 0x85, 0xFF,
    0x89, 0x5C, 0x50, 0xFF, 0x7F, 0x57, 0x4C, 0xFF, 0x78, 0x51, 0x46, 0xFF, 0x7F, 0x57, 0x4D, 0xFF, 0x85, 0x5D, 0x52, 0xFF, 0x7A, 0x52, 0x48, 0xFF,
    0x98, 0x85, 0x7F, 0xFF, 0xA3, 0x79, 0x6E, 0xFF, 0x82, 0x57, 0x4C, 0xFF, 0x77, 0x55, 0x4B, 0xFF, 0x74, 0x52, 0x49, 0xFF, 0x7D, 0x58, 0x4E, 0xFF,
    0x7B, 0x54, 0x49, 0xFF, 0x90, 0x74, 0x6B, 0xFF, 0x9C, 0x83, 0x7B, 0xFF, 0x84, 0x55, 0x48, 0xFF, 0x7F, 0x74, 0x71, 0xFF, 0x66, 0x6A, 0x6C, 0x84,
    0x00, 0x00, 0x00, 0x00, 0x7F, 0x7F, 0x7F, 0x04, 0x00, 0x00, 0x00, 0x00, 0x00, 0x00, 0x00, 0x00, 0x00, 0x00, 0x00, 0x00, 0x00, 0x00, 0x00, 0x00,
    0x00, 0x00, 0x00, 0x00, 0x00, 0x00, 0x00, 0x00, 0x00, 0x00, 0x00, 0x00, 0x00, 0x00, 0x00, 0x00, 0x00, 0x00, 0x00, 0x00, 0x00, 0x00, 0x00, 0x00,
    0x00, 0x00, 0x00, 0x00, 0x00, 0x00, 0x00, 0x00, 0x00, 0x00, 0x00, 0x00, 0x00, 0x00, 0x00, 0x00, 0x00, 0x00, 0x00, 0x00, 0x00, 0x00, 0x00, 0x00,
    0x00, 0x00, 0x00, 0x00, 0x00, 0x00, 0x00, 0x00, 0x00, 0x00, 0x00, 0x00, 0x00, 0x00, 0x00, 0x00, 0x00, 0x00, 0x00, 0x00, 0x00, 0x00, 0x00, 0x00,
    0x00, 0x00, 0x00, 0x00, 0x00, 0x00, 0x00, 0x00, 0x00, 0x00, 0x00, 0x00, 0x00, 0x00, 0x00, 0x00, 0x00, 0x00, 0x00, 0x00, 0x00, 0x00, 0x00, 0x00,
    0x00, 0x00, 0x00, 0x00, 0x00, 0x00, 0x00, 0x00, 0x00, 0x00, 0x00, 0x00, 0x00, 0x00, 0x00, 0x00, 0x55, 0x55, 0x55, 0x03, 0x00, 0x00, 0x00, 0x00,
    0x82, 0x82, 0x82, 0x5A, 0x7B, 0x7D, 0x7D, 0xE3, 0x7E, 0x81, 0x81, 0xE9, 0x80, 0x82, 0x82, 0xEA, 0x7E, 0x81, 0x82, 0xEA, 0x7D, 0x7E, 0x7F, 0xEA,
    0x7D, 0x7E, 0x7F, 0xEA, 0x7C, 0x7D, 0x7E, 0xEA, 0x7D, 0x7F, 0x80, 0xEA, 0x7B, 0x7D, 0x7E, 0xEA, 0x7C, 0x7D, 0x7D, 0xEA, 0x7E, 0x81, 0x81, 0xEA,
    0x80, 0x82, 0x82, 0xEA, 0x66, 0x67, 0x68, 0xEA, 0x73, 0x74, 0x75, 0xEA, 0x8B, 0x8D, 0x8E, 0xEA, 0x76, 0x77, 0x78, 0xE8, 0x80, 0x82, 0x83, 0xF1,
    0x84, 0x82, 0x82, 0xFF, 0x98, 0x7C, 0x73, 0xFF, 0x98, 0x7B, 0x73, 0xFF, 0x95, 0x7A, 0x73, 0xFF, 0x97, 0x7B, 0x73, 0xFF, 0x9B, 0x7C, 0x74, 0xFF,
    0x91, 0x7C, 0x76, 0xFF, 0x7A, 0x7D, 0x7D, 0xFD, 0x80, 0x83, 0x84, 0xEB, 0x7E, 0x80, 0x80, 0xEA, 0x60, 0x63, 0x64, 0xEA, 0x7A, 0x7C, 0x7D, 0xEA,
    0x88, 0x8A, 0x8A, 0xEA, 0x76, 0x78, 0x78, 0xEA, 0x81, 0x82, 0x82, 0xEA, 0x7E, 0x81, 0x82, 0xEA, 0x7D, 0x80, 0x80, 0xEA, 0x7D, 0x7E, 0x7E, 0xEA,
    0x7C, 0x7E, 0x7E, 0xEA, 0x7C, 0x7E, 0x7E, 0xEA, 0x7D, 0x7F, 0x80, 0xEA, 0x7B, 0x7D, 0x7D, 0xEA, 0x7C, 0x7D, 0x7E, 0xE9, 0x82, 0x86, 0x86, 0xEA,
    0x7A, 0x7A, 0x7A, 0xD3, 0x61, 0x61, 0x61, 0x2A, 0x00, 0x00, 0x00, 0x00, 0x7F, 0x7F, 0x7F, 0x02, 0x00, 0x00, 0x00, 0x00, 0x00, 0x00, 0x00, 0x00,
    0x00, 0x00, 0x00, 0x00, 0x00, 0x00, 0x00, 0x00, 0x00, 0x00, 0x00, 0x00, 0x00, 0x00, 0x00, 0x00, 0x00, 0x00, 0x00, 0x00, 0x00, 0x00, 0x00, 0x00,
    0x00, 0x00, 0x00, 0x00, 0x00, 0x00, 0x00, 0x00, 0x00, 0x00, 0x00, 0x00, 0x00, 0x00, 0x00, 0x00, 0x00, 0x00, 0x00, 0x00, 0x00, 0x00, 0x00, 0x00,
    0x00, 0x00, 0x00, 0x00, 0x00, 0x00, 0x00, 0x00, 0x00, 0x00, 0x00, 0x00, 0x00, 0x00, 0x00, 0x00, 0x00, 0x00, 0x00, 0x00, 0x00, 0x00, 0x00, 0x00,
    0x00, 0x00, 0x00, 0x00, 0x00, 0x00, 0x00, 0x00, 0x00, 0x00, 0x00, 0x00, 0x00, 0x00, 0x00, 0x00, 0x00, 0x00, 0x00, 0x00, 0x00, 0x00, 0x00, 0x00,
    0x00, 0x00, 0x00, 0x00, 0x00, 0x00, 0x00, 0x00, 0x00, 0x00, 0x00, 0x00, 0x00, 0x00, 0x00, 0x00, 0x00, 0x00, 0x00, 0x00, 0x00, 0x00, 0x00, 0x00,
    0x00, 0x00, 0x00, 0x00, 0x00, 0x00, 0x00, 0x00, 0x00, 0x00, 0x00, 0x00, 0x6A, 0x6A, 0x6A, 0x0C, 0x8C, 0x8C, 0x8C, 0x14, 0x86, 0x86, 0x86, 0x13,
    0x78, 0x78, 0x78, 0x13, 0x78, 0x78, 0x78, 0x13, 0x78, 0x6B, 0x6B, 0x13, 0x78, 0x78, 0x78, 0x13, 0x78, 0x6B, 0x6B, 0x13, 0x78, 0x78, 0x6B, 0x13,
    0x78, 0x78, 0x78, 0x13, 0x86, 0x86, 0x78, 0x13, 0x93, 0x86, 0x86, 0x13, 0x6B, 0x5D, 0x5D, 0x13, 0x78, 0x6B, 0x6B, 0x13, 0x85, 0x85, 0x85, 0x17,
    0x78, 0x69, 0x69, 0x11, 0x7B, 0x80, 0x80, 0x5D, 0x85, 0x7F, 0x7D, 0xFF, 0x94, 0x5D, 0x4D, 0xFC, 0x9A, 0x5F, 0x4F, 0xFF, 0xAB, 0x93, 0x8C, 0xFF,
    0xA6, 0x6E, 0x5E, 0xFF, 0xA4, 0x61, 0x4F, 0xFE, 0x97, 0x6A, 0x5E, 0xFF, 0x77, 0x78, 0x79, 0xF0, 0x8C, 0x7F, 0x7F, 0x28, 0x86, 0x86, 0x86, 0x13,
    0x66, 0x66, 0x66, 0x14, 0x78, 0x78, 0x78, 0x13, 0x86, 0x78, 0x78, 0x13, 0x78, 0x6B, 0x6B, 0x13, 0x93, 0x93, 0x86, 0x13, 0x86, 0x78, 0x78, 0x13,
    0x86, 0x78, 0x78, 0x13, 0x78, 0x78, 0x78, 0x13, 0x78, 0x78, 0x6B, 0x13, 0x78, 0x78, 0x6B, 0x13, 0x78, 0x6B, 0x6B, 0x13, 0x78, 0x78, 0x78, 0x13,
    0x78, 0x78, 0x78, 0x13, 0x8C, 0x8C, 0x8C, 0x14, 0xFF, 0xFF, 0xFF, 0x02, 0x00, 0x00, 0x00, 0x00, 0x00, 0x00, 0x00, 0x00, 0x00, 0x00, 0x00, 0x00,
    0x00, 0x00, 0x00, 0x00, 0x00, 0x00, 0x00, 0x00, 0x00, 0x00, 0x00, 0x00, 0x00, 0x00, 0x00, 0x00, 0x00, 0x00, 0x00, 0x00, 0x00, 0x00, 0x00, 0x00,
    0x00, 0x00, 0x00, 0x00, 0x00, 0x00, 0x00, 0x00, 0x00, 0x00, 0x00, 0x00, 0x00, 0x00, 0x00, 0x00, 0x00, 0x00, 0x00, 0x00, 0x00, 0x00, 0x00, 0x00,
    0x00, 0x00, 0x00, 0x00, 0x00, 0x00, 0x00, 0x00, 0x00, 0x00, 0x00, 0x00, 0x00, 0x00, 0x00, 0x00, 0x00, 0x00, 0x00, 0x00, 0x00, 0x00, 0x00, 0x00,
    0x00, 0x00, 0x00, 0x00, 0x00, 0x00, 0x00, 0x00, 0x00, 0x00, 0x00, 0x00, 0x00, 0x00, 0x00, 0x00, 0x00, 0x00, 0x00, 0x00, 0x00, 0x00, 0x00, 0x00,
    0x00, 0x00, 0x00, 0x00, 0x00, 0x00, 0x00, 0x00, 0x00, 0x00, 0x00, 0x00, 0x00, 0x00, 0x00, 0x00, 0x00, 0x00, 0x00, 0x00, 0x00, 0x00, 0x00, 0x00,
    0x00, 0x00, 0x00, 0x00, 0x00, 0x00, 0x00, 0x00, 0x00, 0x00, 0x00, 0x00, 0x00, 0x00, 0x00, 0x00, 0x7F, 0x7F, 0x7F, 0x02, 0x00, 0x00, 0x00, 0x00,
    0x00, 0x00, 0x00, 0x00, 0x00, 0x00, 0x00, 0x00, 0x00, 0x00, 0x00, 0x00, 0x00, 0x00, 0x00, 0x00, 0x00, 0x00, 0x00, 0x00, 0x00, 0x00, 0x00, 0x00,
    0x00, 0x00, 0x00, 0x00, 0x00, 0x00, 0x00, 0x00, 0x00, 0x00, 0x00, 0x00, 0x00, 0x00, 0x00, 0x00, 0x00, 0x00, 0x00, 0x00, 0x00, 0x00, 0x00, 0x00,
    0x00, 0x00, 0x00, 0x00, 0x00, 0x00, 0x00, 0x00, 0x00, 0x00, 0x00, 0x00, 0x77, 0x7D, 0x7D, 0x4D, 0x82, 0x7D, 0x7B, 0xFF, 0x76, 0x3D, 0x2E, 0xFC,
    0x7B, 0x3F, 0x2F, 0xFF, 0xA8, 0x8D, 0x85, 0xFF, 0x9F, 0x5D, 0x4B, 0xFF, 0x7C, 0x3B, 0x2A, 0xFE, 0x7A, 0x4E, 0x43, 0xFF, 0x7B, 0x7C, 0x7D, 0xF0,
    0x72, 0x72, 0x72, 0x14, 0x00, 0x00, 0x00, 0x00, 0x00, 0x00, 0x00, 0x00, 0x00, 0x00, 0x00, 0x00, 0x00, 0x00, 0x00, 0x00, 0x00, 0x00, 0x00, 0x00,
    0x00, 0x00, 0x00, 0x00, 0x00, 0x00, 0x00, 0x00, 0x00, 0x00, 0x00, 0x00, 0x00, 0x00, 0x00, 0x00, 0x00, 0x00, 0x00, 0x00, 0x00, 0x00, 0x00, 0x00,
    0x00, 0x00, 0x00, 0x00, 0x00, 0x00, 0x00, 0x00, 0x00, 0x00, 0x00, 0x00, 0x00, 0x00, 0x00, 0x00, 0x00, 0x00, 0x00, 0x00, 0xFF, 0xFF, 0xFF, 0x01,
    0x00, 0x00, 0x00, 0x00, 0x00, 0x00, 0x00, 0x00, 0x00, 0x00, 0x00, 0x00, 0x00, 0x00, 0x00, 0x00, 0x00, 0x00, 0x00, 0x00, 0x00, 0x00, 0x00, 0x00,
    0x00, 0x00, 0x00, 0x00, 0x00, 0x00, 0x00, 0x00, 0x00, 0x00, 0x00, 0x00, 0x00, 0x00, 0x00, 0x00, 0x00, 0x00, 0x00, 0x00, 0x00, 0x00, 0x00, 0x00,
    0x00, 0x00, 0x00, 0x00, 0x00, 0x00, 0x00, 0x00, 0x00, 0x00, 0x00, 0x00, 0x00, 0x00, 0x00, 0x00, 0x00, 0x00, 0x00, 0x00, 0x00, 0x00, 0x00, 0x00,
    0x00, 0x00, 0x00, 0x00, 0x00, 0x00, 0x00, 0x00, 0x00, 0x00, 0x00, 0x00, 0x00, 0x00, 0x00, 0x00, 0x00, 0x00, 0x00, 0x00, 0x00, 0x00, 0x00, 0x00,
    0x00, 0x00, 0x00, 0x00, 0x00, 0x00, 0x00, 0x00, 0x00, 0x00, 0x00, 0x00, 0x00, 0x00, 0x00, 0x00, 0x00, 0x00, 0x00, 0x00, 0x00, 0x00, 0x00, 0x00,
    0x00, 0x00, 0x00, 0x00, 0x00, 0x00, 0x00, 0x00, 0x00, 0x00, 0x00, 0x00, 0x00, 0x00, 0x00, 0x00, 0x00, 0x00, 0x00, 0x00, 0x00, 0x00, 0x00, 0x00,
    0x00, 0x00, 0x00, 0x00, 0x00, 0x00, 0x00, 0x01, 0xFF, 0xFF, 0xFF, 0x01, 0xFF, 0xFF, 0xFF, 0x01, 0xFF, 0xFF, 0xFF, 0x01, 0xFF, 0xFF, 0xFF, 0x01,
    0xFF, 0xFF, 0xFF, 0x01, 0xFF, 0xFF, 0xFF, 0x01, 0xFF, 0xFF, 0xFF, 0x01, 0xFF, 0xFF, 0xFF, 0x01, 0xFF, 0xFF, 0xFF, 0x01, 0xFF, 0xFF, 0xFF, 0x01,
    0xFF, 0xFF, 0xFF, 0x01, 0xFF, 0xFF, 0xFF, 0x01, 0xFF, 0xFF, 0xFF, 0x01, 0x66, 0x66, 0x66, 0x05, 0xFF, 0xFF, 0xFF, 0x01, 0x6B, 0x71, 0x71, 0x51,
    0x75, 0x70, 0x6E, 0xFF, 0x72, 0x49, 0x3F, 0xFC, 0x7C, 0x4F, 0x43, 0xFF, 0xAC, 0x96, 0x8F, 0xFF, 0xA4, 0x6E, 0x5E, 0xFF, 0x7A, 0x4B, 0x3F, 0xFE,
    0x7E, 0x5A, 0x50, 0xFF, 0x64, 0x64, 0x66, 0xF0, 0x70, 0x66, 0x66, 0x19, 0xFF, 0xFF, 0xFF, 0x01, 0x7F, 0x7F, 0x7F, 0x02, 0xFF, 0xFF, 0xFF, 0x01,
    0xFF, 0xFF, 0xFF, 0x01, 0xFF, 0xFF, 0xFF, 0x01, 0xFF, 0xFF, 0xFF, 0x01, 0xFF, 0xFF, 0xFF, 0x01, 0xFF, 0xFF, 0xFF, 0x01, 0xFF, 0xFF, 0xFF, 0x01,
    0xFF, 0xFF, 0xFF, 0x01, 0xFF, 0xFF, 0xFF, 0x01, 0xFF, 0xFF, 0xFF, 0x01, 0xFF, 0xFF, 0xFF, 0x01, 0xFF, 0xFF, 0xFF, 0x01, 0xFF, 0xFF, 0xFF, 0x01,
    0x00, 0x00, 0x00, 0x01, 0x00, 0x00, 0x00, 0x00, 0x00, 0x00, 0x00, 0x00, 0x00, 0x00, 0x00, 0x00, 0x00, 0x00, 0x00, 0x00, 0x00, 0x00, 0x00, 0x00,
    0x00, 0x00, 0x00, 0x00, 0x00, 0x00, 0x00, 0x00, 0x00, 0x00, 0x00, 0x00, 0x00, 0x00, 0x00, 0x00, 0x00, 0x00, 0x00, 0x00, 0x00, 0x00, 0x00, 0x00,
    0x00, 0x00, 0x00, 0x00, 0x00, 0x00, 0x00, 0x00, 0x00, 0x00, 0x00, 0x00, 0x00, 0x00, 0x00, 0x00, 0x00, 0x00, 0x00, 0x00, 0x00, 0x00, 0x00, 0x00,
    0x00, 0x00, 0x00, 0x00, 0x00, 0x00, 0x00, 0x00, 0x00, 0x00, 0x00, 0x00, 0x00, 0x00, 0x00, 0x00, 0x00, 0x00, 0x00, 0x00, 0x00, 0x00, 0x00, 0x00,
    0x00, 0x00, 0x00, 0x00, 0x00, 0x00, 0x00, 0x00, 0x00, 0x00, 0x00, 0x00, 0x00, 0x00, 0x00, 0x00, 0x00, 0x00, 0x00, 0x00, 0x00, 0x00, 0x00, 0x00,
    0x00, 0x00, 0x00, 0x00, 0x00, 0x00, 0x00, 0x00, 0x00, 0x00, 0x00, 0x00, 0x00, 0x00, 0x00, 0x00, 0x00, 0x00, 0x00, 0x00, 0x00, 0x00, 0x00, 0x00,
    0x00, 0x00, 0x00, 0x00, 0x00, 0x00, 0x00, 0x00, 0x00, 0x00, 0x00, 0x00, 0x00, 0x00, 0x00, 0x00, 0x00, 0x00, 0x00, 0x00, 0x00, 0x00, 0x00, 0x00,
    0x00, 0x00, 0x00, 0x00, 0x00, 0x00, 0x00, 0x00, 0x00, 0x00, 0x00, 0x00, 0x00, 0x00, 0x00, 0x00, 0x00, 0x00, 0x00, 0x00, 0x00, 0x00, 0x00, 0x00,
    0x00, 0x00, 0x00, 0x00, 0x00, 0x00, 0x00, 0x00, 0x00, 0x00, 0x00, 0x00, 0x00, 0x00, 0x00, 0x00, 0x00, 0x00, 0x00, 0x00, 0x3F, 0x3F, 0x3F, 0x04,
    0x00, 0x00, 0x00, 0x00, 0x69, 0x6C, 0x6C, 0x50, 0x78, 0x75, 0x74, 0xFF, 0x9D, 0x7E, 0x75, 0xFC, 0xA1, 0x80, 0x76, 0xFF, 0xB1, 0x90, 0x86, 0xFF,
    0xA1, 0x82, 0x78, 0xFF, 0x9F, 0x7D, 0x73, 0xFE, 0x94, 0x7B, 0x75, 0xFF, 0x6B, 0x6C, 0x6C, 0xF0, 0x74, 0x74, 0x74, 0x18, 0x00, 0x00, 0x00, 0x00,
    0xFF, 0xFF, 0xFF, 0x01, 0x00, 0x00, 0x00, 0x00, 0x00, 0x00, 0x00, 0x00, 0x00, 0x00, 0x00, 0x00, 0x00, 0x00, 0x00, 0x00, 0x00, 0x00, 0x00, 0x00,
    0x00, 0x00, 0x00, 0x00, 0x00, 0x00, 0x00, 0x00, 0x00, 0x00, 0x00, 0x00, 0x00, 0x00, 0x00, 0x00, 0x00, 0x00, 0x00, 0x00, 0x00, 0x00, 0x00, 0x00,
    0x00, 0x00, 0x00, 0x00, 0x00, 0x00, 0x00, 0x00, 0x00, 0x00, 0x00, 0x00, 0x00, 0x00, 0x00, 0x00, 0x00, 0x00, 0x00, 0x00, 0x00, 0x00, 0x00, 0x00,
    0x00, 0x00, 0x00, 0x00, 0x00, 0x00, 0x00, 0x00, 0x00, 0x00, 0x00, 0x00, 0x00, 0x00, 0x00, 0x00, 0x00, 0x00, 0x00, 0x00, 0x00, 0x00, 0x00, 0x00,
    0x00, 0x00, 0x00, 0x00, 0x00, 0x00, 0x00, 0x00, 0x00, 0x00, 0x00, 0x00, 0x00, 0x00, 0x00, 0x00, 0x00, 0x00, 0x00, 0x00, 0x00, 0x00, 0x00, 0x00,
    0x00, 0x00, 0x00, 0x00, 0x00, 0x00, 0x00, 0x00, 0x00, 0x00, 0x00, 0x00, 0x00, 0x00, 0x00, 0x00, 0x00, 0x00, 0x00, 0x00, 0x00, 0x00, 0x00, 0x00,
    0x00, 0x00, 0x00, 0x00, 0x00, 0x00, 0x00, 0x00, 0x00, 0x00, 0x00, 0x00, 0x00, 0x00, 0x00, 0x00, 0x00, 0x00, 0x00, 0x00, 0x00, 0x00, 0x00, 0x00,
    0x00, 0x00, 0x00, 0x00, 0x00, 0x00, 0x00, 0x00, 0x00, 0x00, 0x00, 0x00, 0x00, 0x00, 0x00, 0x00, 0x00, 0x00, 0x00, 0x00, 0x00, 0x00, 0x00, 0x00,
    0x00, 0x00, 0x00, 0x00, 0x00, 0x00, 0x00, 0x00, 0x00, 0x00, 0x00, 0x00, 0x00, 0x00, 0x00, 0x00, 0x00, 0x00, 0x00, 0x00, 0x00, 0x00, 0x00, 0x00,
    0x00, 0x00, 0x00, 0x00, 0x00, 0x00, 0x00, 0x00, 0x00, 0x00, 0x00, 0x00, 0x00, 0x00, 0x00, 0x00, 0x00, 0x00, 0x00, 0x00, 0x00, 0x00, 0x00, 0x00,
    0x00, 0x00, 0x00, 0x00, 0x00, 0x00, 0x00, 0x00, 0x00, 0x00, 0x00, 0x00, 0x00, 0x00, 0x00, 0x00, 0x00, 0x00, 0x00, 0x00, 0x00, 0x00, 0x00, 0x00,
    0x00, 0x00, 0x00, 0x00, 0x7F, 0x7F, 0x7F, 0x04, 0x00, 0x00, 0x00, 0x00, 0x8C, 0x92, 0x92, 0x50, 0x9C, 0x94, 0x93, 0xFF, 0x93, 0x52, 0x41, 0xFC,
    0x99, 0x55, 0x42, 0xFF, 0xA1, 0x5A, 0x47, 0xFF, 0x9B, 0x56, 0x44, 0xFF, 0x96, 0x50, 0x3C, 0xFE, 0x93, 0x62, 0x55, 0xFF, 0x8A, 0x8C, 0x8D, 0xF0,
    0x94, 0x94, 0x8A, 0x18, 0x00, 0x00, 0x00, 0x00, 0xFF, 0xFF, 0xFF, 0x01, 0x00, 0x00, 0x00, 0x00, 0x00, 0x00, 0x00, 0x00, 0x00, 0x00, 0x00, 0x00,
    0x00, 0x00, 0x00, 0x00, 0x00, 0x00, 0x00, 0x00, 0x00, 0x00, 0x00, 0x00, 0x00, 0x00, 0x00, 0x00, 0x00, 0x00, 0x00, 0x00, 0x00, 0x00, 0x00, 0x00,
    0x00, 0x00, 0x00, 0x00, 0x00, 0x00, 0x00, 0x00, 0x00, 0x00, 0x00, 0x00, 0x00, 0x00, 0x00, 0x00, 0x00, 0x00, 0x00, 0x00, 0x00, 0x00, 0x00, 0x00,
    0x00, 0x00, 0x00, 0x00, 0x00, 0x00, 0x00, 0x00, 0x00, 0x00, 0x00, 0x00, 0x00, 0x00, 0x00, 0x00, 0x00, 0x00, 0x00, 0x00, 0x00, 0x00, 0x00, 0x00,
    0x00, 0x00, 0x00, 0x00, 0x00, 0x00, 0x00, 0x00, 0x00, 0x00, 0x00, 0x00, 0x00, 0x00, 0x00, 0x00, 0x00, 0x00, 0x00, 0x00, 0x00, 0x00, 0x00, 0x00,
    0x00, 0x00, 0x00, 0x00, 0x00, 0x00, 0x00, 0x00, 0x00, 0x00, 0x00, 0x00, 0x00, 0x00, 0x00, 0x00, 0x00, 0x00, 0x00, 0x00, 0x00, 0x00, 0x00, 0x00,
    0x00, 0x00, 0x00, 0x00, 0x00, 0x00, 0x00, 0x00, 0x00, 0x00, 0x00, 0x00, 0x00, 0x00, 0x00, 0x00, 0x00, 0x00, 0x00, 0x00, 0x00, 0x00, 0x00, 0x00,
    0x00, 0x00, 0x00, 0x00, 0x00, 0x00, 0x00, 0x00, 0x00, 0x00, 0x00, 0x00, 0x00, 0x00, 0x00, 0x00, 0x00, 0x00, 0x00, 0x00, 0x00, 0x00, 0x00, 0x00,
    0x00, 0x00, 0x00, 0x00, 0x00, 0x00, 0x00, 0x00, 0x00, 0x00, 0x00, 0x00, 0x00, 0x00, 0x00, 0x00, 0x00, 0x00, 0x00, 0x00, 0x00, 0x00, 0x00, 0x00,
    0x00, 0x00, 0x00, 0x00, 0x00, 0x00, 0x00, 0x00, 0x00, 0x00, 0x00, 0x00, 0x00, 0x00, 0x00, 0x00, 0x00, 0x00, 0x00, 0x00, 0x00, 0x00, 0x00, 0x00,
    0x00, 0x00, 0x00, 0x00, 0x00, 0x00, 0x00, 0x00, 0x00, 0x00, 0x00, 0x00, 0x00, 0x00, 0x00, 0x00, 0x00, 0x00, 0x00, 0x00, 0x00, 0x00, 0x00, 0x00,
    0x00, 0x00, 0x00, 0x00, 0x00, 0x00, 0x00, 0x00, 0x00, 0x00, 0x00, 0x00, 0x7F, 0x7F, 0x7F, 0x04, 0x00, 0x00, 0x00, 0x00, 0x69, 0x6F, 0x72, 0x50,
    0x82, 0x7A, 0x78, 0xFF, 0x81, 0x44, 0x34, 0xFC, 0x6D, 0x38, 0x29, 0xFF, 0x75, 0x3E, 0x2F, 0xFF, 0x79, 0x40, 0x31, 0xFF, 0x81, 0x40, 0x2E, 0xFE,
    0x7B, 0x50, 0x46, 0xFF, 0x7E, 0x80, 0x81, 0xF0, 0x74, 0x74, 0x74, 0x18, 0x00, 0x00, 0x00, 0x00, 0xFF, 0xFF, 0xFF, 0x01, 0x00, 0x00, 0x00, 0x00,
    0x00, 0x00, 0x00, 0x00, 0x00, 0x00, 0x00, 0x00, 0x00, 0x00, 0x00, 0x00, 0x00, 0x00, 0x00, 0x00, 0x00, 0x00, 0x00, 0x00, 0x00, 0x00, 0x00, 0x00,
    0x00, 0x00, 0x00, 0x00, 0x00, 0x00, 0x00, 0x00, 0x00, 0x00, 0x00, 0x00, 0x00, 0x00, 0x00, 0x00, 0x00, 0x00, 0x00, 0x00, 0x00, 0x00, 0x00, 0x00,
    0x00, 0x00, 0x00, 0x00, 0x00, 0x00, 0x00, 0x00, 0x00, 0x00, 0x00, 0x00, 0x00, 0x00, 0x00, 0x00, 0x00, 0x00, 0x00, 0x00, 0x00, 0x00, 0x00, 0x00,
    0x00, 0x00, 0x00, 0x00, 0x00, 0x00, 0x00, 0x00, 0x00, 0x00, 0x00, 0x00, 0x00, 0x00, 0x00, 0x00, 0x00, 0x00, 0x00, 0x00, 0x00, 0x00, 0x00, 0x00,
    0x00, 0x00, 0x00, 0x00, 0x00, 0x00, 0x00, 0x00, 0x00, 0x00, 0x00, 0x00, 0x00, 0x00, 0x00, 0x00, 0x00, 0x00, 0x00, 0x00, 0x00, 0x00, 0x00, 0x00,
    0x00, 0x00, 0x00, 0x00, 0x00, 0x00, 0x00, 0x00, 0x00, 0x00, 0x00, 0x00, 0x00, 0x00, 0x00, 0x00, 0x00, 0x00, 0x00, 0x00, 0x00, 0x00, 0x00, 0x00,
    0x00, 0x00, 0x00, 0x00, 0x00, 0x00, 0x00, 0x00, 0x00, 0x00, 0x00, 0x00, 0x00, 0x00, 0x00, 0x00, 0x00, 0x00, 0x00, 0x00, 0x00, 0x00, 0x00, 0x00,
    0x00, 0x00, 0x00, 0x00, 0x00, 0x00, 0x00, 0x00, 0x00, 0x00, 0x00, 0x00, 0x00, 0x00, 0x00, 0x00, 0x00, 0x00, 0x00, 0x00, 0x00, 0x00, 0x00, 0x00,
    0x00, 0x00, 0x00, 0x00, 0x00, 0x00, 0x00, 0x00, 0x00, 0x00, 0x00, 0x00, 0x00, 0x00, 0x00, 0x00, 0x00, 0x00, 0x00, 0x00, 0x00, 0x00, 0x00, 0x00,
    0x00, 0x00, 0x00, 0x00, 0x00, 0x00, 0x00, 0x00, 0x00, 0x00, 0x00, 0x00, 0x00, 0x00, 0x00, 0x00, 0x00, 0x00, 0x00, 0x00, 0x00, 0x00, 0x00, 0x00,
    0x00, 0x00, 0x00, 0x00, 0x00, 0x00, 0x00, 0x00, 0x00, 0x00, 0x00, 0x00, 0x00, 0x00, 0x00, 0x00, 0x00, 0x00, 0x00, 0x00, 0x7F, 0x7F, 0x7F, 0x04,
    0x00, 0x00, 0x00, 0x00, 0x79, 0x7C, 0x7C, 0x50, 0x8A, 0x85, 0x83, 0xFF, 0x90, 0x6A, 0x60, 0xFC, 0x7D, 0x5F, 0x57, 0xFF, 0x87, 0x62, 0x57, 0xFF,
    0x84, 0x63, 0x5A, 0xFF, 0x8B, 0x66, 0x5B, 0xFE, 0x88, 0x6E, 0x66, 0xFF, 0x79, 0x7A, 0x7B, 0xF0, 0x7F, 0x7F, 0x7F, 0x18, 0x00, 0x00, 0x00, 0x00,
    0xFF, 0xFF, 0xFF, 0x01, 0x00, 0x00, 0x00, 0x00, 0x00, 0x00, 0x00, 0x00, 0x00, 0x00, 0x00, 0x00, 0x00, 0x00, 0x00, 0x00, 0x00, 0x00, 0x00, 0x00,
    0x00, 0x00, 0x00, 0x00, 0x00, 0x00, 0x00, 0x00, 0x00, 0x00, 0x00, 0x00, 0x00, 0x00, 0x00, 0x00, 0x00, 0x00, 0x00, 0x00, 0x00, 0x00, 0x00, 0x00,
    0x00, 0x00, 0x00, 0x00, 0x00, 0x00, 0x00, 0x00, 0x00, 0x00, 0x00, 0x00, 0x00, 0x00, 0x00, 0x00, 0x00, 0x00, 0x00, 0x00, 0x00, 0x00, 0x00, 0x00,
    0x00, 0x00, 0x00, 0x00, 0x00, 0x00, 0x00, 0x00, 0x00, 0x00, 0x00, 0x00, 0x00, 0x00, 0x00, 0x00, 0x00, 0x00, 0x00, 0x00, 0x00, 0x00, 0x00, 0x00,
    0x00, 0x00, 0x00, 0x00, 0x00, 0x00, 0x00, 0x00, 0x00, 0x00, 0x00, 0x00, 0x00, 0x00, 0x00, 0x00, 0x00, 0x00, 0x00, 0x00, 0x00, 0x00, 0x00, 0x00,
    0x00, 0x00, 0x00, 0x00, 0x00, 0x00, 0x00, 0x00, 0x00, 0x00, 0x00, 0x00, 0x00, 0x00, 0x00, 0x00, 0x00, 0x00, 0x00, 0x00, 0x00, 0x00, 0x00, 0x00,
    0x00, 0x00, 0x00, 0x00, 0x00, 0x00, 0x00, 0x00, 0x00, 0x00, 0x00, 0x00, 0x00, 0x00, 0x00, 0x00, 0x00, 0x00, 0x00, 0x00, 0x00, 0x00, 0x00, 0x00,
    0x00, 0x00, 0x00, 0x00, 0x00, 0x00, 0x00, 0x00, 0x00, 0x00, 0x00, 0x00, 0x00, 0x00, 0x00, 0x00, 0x00, 0x00, 0x00, 0x00, 0x00, 0x00, 0x00, 0x00,
    0x00, 0x00, 0x00, 0x00, 0x00, 0x00, 0x00, 0x00, 0x00, 0x00, 0x00, 0x00, 0x00, 0x00, 0x00, 0x00, 0x00, 0x00, 0x00, 0x00, 0x00, 0x00, 0x00, 0x00,
    0x00, 0x00, 0x00, 0x00, 0x00, 0x00, 0x00, 0x00, 0x00, 0x00, 0x00, 0x00, 0x00, 0x00, 0x00, 0x00, 0x00, 0x00, 0x00, 0x00, 0x00, 0x00, 0x00, 0x00,
    0x00, 0x00, 0x00, 0x00, 0x00, 0x00, 0x00, 0x00, 0x00, 0x00, 0x00, 0x00, 0x00, 0x00, 0x00, 0x00, 0x00, 0x00, 0x00, 0x00, 0x00, 0x00, 0x00, 0x00,
    0x00, 0x00, 0x00, 0x00, 0x7F, 0x7F, 0x7F, 0x04, 0x00, 0x00, 0x00, 0x00, 0x89, 0x8C, 0x8C, 0x50, 0x94, 0x90, 0x8F, 0xFF, 0x9F, 0x73, 0x67, 0xFC,
    0xA0, 0x73, 0x67, 0xFF, 0xA5, 0x8F, 0x89, 0xFF, 0x9F, 0x78, 0x6C, 0xFF, 0xAC, 0x79, 0x6A, 0xFE, 0x99, 0x77, 0x6E, 0xFF, 0x78, 0x78, 0x79, 0xF0,
    0x7F, 0x7F, 0x7F, 0x18, 0x00, 0x00, 0x00, 0x00, 0xFF, 0xFF, 0xFF, 0x01, 0x00, 0x00, 0x00, 0x00, 0x00, 0x00, 0x00, 0x00, 0x00, 0x00, 0x00, 0x00,
    0x00, 0x00, 0x00, 0x00, 0x00, 0x00, 0x00, 0x00, 0x00, 0x00, 0x00, 0x00, 0x00, 0x00, 0x00, 0x00, 0x00, 0x00, 0x00, 0x00, 0x00, 0x00, 0x00, 0x00,
    0x00, 0x00, 0x00, 0x00, 0x00, 0x00, 0x00, 0x00, 0x00, 0x00, 0x00, 0x00, 0x00, 0x00, 0x00, 0x00, 0x00, 0x00, 0x00, 0x00, 0x00, 0x00, 0x00, 0x00,
    0x00, 0x00, 0x00, 0x00, 0x00, 0x00, 0x00, 0x00, 0x00, 0x00, 0x00, 0x00, 0x00, 0x00, 0x00, 0x00, 0x00, 0x00, 0x00, 0x00, 0x00, 0x00, 0x00, 0x00,
    0x00, 0x00, 0x00, 0x00, 0x00, 0x00, 0x00, 0x00, 0x00, 0x00, 0x00, 0x00, 0x00, 0x00, 0x00, 0x00, 0x00, 0x00, 0x00, 0x00, 0x00, 0x00, 0x00, 0x00,
    0x00, 0x00, 0x00, 0x00, 0x00, 0x00, 0x00, 0x00, 0x00, 0x00, 0x00, 0x00, 0x00, 0x00, 0x00, 0x00, 0x00, 0x00, 0x00, 0x00, 0x00, 0x00, 0x00, 0x00,
    0x00, 0x00, 0x00, 0x00, 0x00, 0x00, 0x00, 0x00, 0x00, 0x00, 0x00, 0x00, 0x00, 0x00, 0x00, 0x00, 0x00, 0x00, 0x00, 0x00, 0x00, 0x00, 0x00, 0x00,
    0x00, 0x00, 0x00, 0x00, 0x00, 0x00, 0x00, 0x00, 0x00, 0x00, 0x00, 0x00, 0x00, 0x00, 0x00, 0x00, 0x00, 0x00, 0x00, 0x00, 0x00, 0x00, 0x00, 0x00,
    0x00, 0x00, 0x00, 0x00, 0x00, 0x00, 0x00, 0x00, 0x00, 0x00, 0x00, 0x00, 0x00, 0x00, 0x00, 0x00, 0x00, 0x00, 0x00, 0x00, 0x00, 0x00, 0x00, 0x00,
    0x00, 0x00, 0x00, 0x00, 0x00, 0x00, 0x00, 0x00, 0x00, 0x00, 0x00, 0x00, 0x00, 0x00, 0x00, 0x00, 0x00, 0x00, 0x00, 0x00, 0x00, 0x00, 0x00, 0x00,
    0x00, 0x00, 0x00, 0x00, 0x00, 0x00, 0x00, 0x00, 0x00, 0x00, 0x00, 0x00, 0x00, 0x00, 0x00, 0x00, 0x00, 0x00, 0x00, 0x00, 0x00, 0x00, 0x00, 0x00,
    0x00, 0x00, 0x00, 0x00, 0x00, 0x00, 0x00, 0x00, 0x00, 0x00, 0x00, 0x00, 0x7F, 0x7F, 0x7F, 0x04, 0x00, 0x00, 0x00, 0x00, 0x7F, 0x82, 0x85, 0x50,
    0x88, 0x81, 0x80, 0xFF, 0x87, 0x48, 0x37, 0xFC, 0x7B, 0x40, 0x30, 0xFF, 0xA3, 0x87, 0x81, 0xFF, 0x9B, 0x5B, 0x4A, 0xFF, 0x8F, 0x47, 0x33, 0xFE,
    0x89, 0x59, 0x4C, 0xFF, 0x80, 0x82, 0x83, 0xF0, 0x8A, 0x7F, 0x7F, 0x18, 0x00, 0x00, 0x00, 0x00, 0xFF, 0xFF, 0xFF, 0x01, 0x00, 0x00, 0x00, 0x00,
    0x00, 0x00, 0x00, 0x00, 0x00, 0x00, 0x00, 0x00, 0x00, 0x00, 0x00, 0x00, 0x00, 0x00, 0x00, 0x00, 0x00, 0x00, 0x00, 0x00, 0x00, 0x00, 0x00, 0x00,
    0x00, 0x00, 0x00, 0x00, 0x00, 0x00, 0x00, 0x00, 0x00, 0x00, 0x00, 0x00, 0x00, 0x00, 0x00, 0x00, 0x00, 0x00, 0x00, 0x00, 0x00, 0x00, 0x00, 0x00,
    0x00, 0x00, 0x00, 0x00, 0x00, 0x00, 0x00, 0x00, 0x00, 0x00, 0x00, 0x00, 0x00, 0x00, 0x00, 0x00, 0x00, 0x00, 0x00, 0x00, 0x00, 0x00, 0x00, 0x00,
    0x00, 0x00, 0x00, 0x00, 0x00, 0x00, 0x00, 0x00, 0x00, 0x00, 0x00, 0x00, 0x00, 0x00, 0x00, 0x00, 0x00, 0x00, 0x00, 0x00, 0x00, 0x00, 0x00, 0x00,
    0x00, 0x00, 0x00, 0x00, 0x00, 0x00, 0x00, 0x00, 0x00, 0x00, 0x00, 0x00, 0x00, 0x00, 0x00, 0x00, 0x00, 0x00, 0x00, 0x00, 0x00, 0x00, 0x00, 0x00,
    0x00, 0x00, 0x00, 0x00, 0x00, 0x00, 0x00, 0x00, 0x00, 0x00, 0x00, 0x00, 0x00, 0x00, 0x00, 0x00, 0x00, 0x00, 0x00, 0x00, 0x00, 0x00, 0x00, 0x00,
    0x00, 0x00, 0x00, 0x00, 0x00, 0x00, 0x00, 0x00, 0x00, 0x00, 0x00, 0x00, 0x00, 0x00, 0x00, 0x00, 0x00, 0x00, 0x00, 0x00, 0x00, 0x00, 0x00, 0x00,
    0x00, 0x00, 0x00, 0x00, 0x00, 0x00, 0x00, 0x00, 0x00, 0x00, 0x00, 0x00, 0x00, 0x00, 0x00, 0x00, 0x00, 0x00, 0x00, 0x00, 0x00, 0x00, 0x00, 0x00,
    0x00, 0x00, 0x00, 0x00, 0x00, 0x00, 0x00, 0x00, 0x00, 0x00, 0x00, 0x00, 0x00, 0x00, 0x00, 0x00, 0x00, 0x00, 0x00, 0x00, 0x00, 0x00, 0x00, 0x00,
    0x00, 0x00, 0x00, 0x00, 0x00, 0x00, 0x00, 0x00, 0x00, 0x00, 0x00, 0x00, 0x00, 0x00, 0x00, 0x00, 0x00, 0x00, 0x00, 0x00, 0x00, 0x00, 0x00, 0x00,
    0x00, 0x00, 0x00, 0x00, 0x00, 0x00, 0x00, 0x00, 0x00, 0x00, 0x00, 0x00, 0x00, 0x00, 0x00, 0x00, 0x00, 0x00, 0x00, 0x00, 0x7F, 0x7F, 0x7F, 0x04,
    0x00, 0x00, 0x00, 0x00, 0x6F, 0x75, 0x75, 0x50, 0x78, 0x72, 0x70, 0xFF, 0x78, 0x41, 0x33, 0xFC, 0x74, 0x3F, 0x31, 0xFF, 0xA5, 0x8A, 0x85, 0xFF,
    0x9D, 0x5F, 0x4E, 0xFF, 0x77, 0x3D, 0x2C, 0xFE, 0x7A, 0x52, 0x47, 0xFF, 0x77, 0x79, 0x79, 0xF0, 0x74, 0x74, 0x74, 0x18, 0x00, 0x00, 0x00, 0x00,
    0xFF, 0xFF, 0xFF, 0x01, 0x00, 0x00, 0x00, 0x00, 0x00, 0x00, 0x00, 0x00, 0x00, 0x00, 0x00, 0x00, 0x00, 0x00, 0x00, 0x00, 0x00, 0x00, 0x00, 0x00,
    0x00, 0x00, 0x00, 0x00, 0x00, 0x00, 0x00, 0x00, 0x00, 0x00, 0x00, 0x00, 0x00, 0x00, 0x00, 0x00, 0x00, 0x00, 0x00, 0x00, 0x00, 0x00, 0x00, 0x00,
    0x00, 0x00, 0x00, 0x00, 0x00, 0x00, 0x00, 0x00, 0x00, 0x00, 0x00, 0x00, 0x00, 0x00, 0x00, 0x00, 0x00, 0x00, 0x00, 0x00, 0x00, 0x00, 0x00, 0x00,
    0x00, 0x00, 0x00, 0x00, 0x00, 0x00, 0x00, 0x00, 0x00, 0x00, 0x00, 0x00, 0x00, 0x00, 0x00, 0x00, 0x00, 0x00, 0x00, 0x00, 0x00, 0x00, 0x00, 0x00,
    0x00, 0x00, 0x00, 0x00, 0x00, 0x00, 0x00, 0x00, 0x00, 0x00, 0x00, 0x00, 0x00, 0x00, 0x00, 0x00, 0x00, 0x00, 0x00, 0x00, 0x00, 0x00, 0x00, 0x00,
    0x00, 0x00, 0x00, 0x00, 0x00, 0x00, 0x00, 0x00, 0x00, 0x00, 0x00, 0x00, 0x00, 0x00, 0x00, 0x00, 0x00, 0x00, 0x00, 0x00, 0x00, 0x00, 0x00, 0x00,
    0x00, 0x00, 0x00, 0x00, 0x00, 0x00, 0x00, 0x00, 0x00, 0x00, 0x00, 0x00, 0x00, 0x00, 0x00, 0x00, 0x00, 0x00, 0x00, 0x00, 0x00, 0x00, 0x00, 0x00,
    0x00, 0x00, 0x00, 0x00, 0x00, 0x00, 0x00, 0x00, 0x00, 0x00, 0x00, 0x00, 0x00, 0x00, 0x00, 0x00, 0x00, 0x00, 0x00, 0x00, 0x00, 0x00, 0x00, 0x00,
    0x00, 0x00, 0x00, 0x00, 0x00, 0x00, 0x00, 0x00, 0x00, 0x00, 0x00, 0x00, 0x00, 0x00, 0x00, 0x00, 0x00, 0x00, 0x00, 0x00, 0x00, 0x00, 0x00, 0x00,
    0x00, 0x00, 0x00, 0x00, 0x00, 0x00, 0x00, 0x00, 0x00, 0x00, 0x00, 0x00, 0x00, 0x00, 0x00, 0x00, 0x00, 0x00, 0x00, 0x00, 0x00, 0x00, 0x00, 0x00,
    0x00, 0x00, 0x00, 0x00, 0x00, 0x00, 0x00, 0x00, 0x00, 0x00, 0x00, 0x00, 0x00, 0x00, 0x00, 0x00, 0x00, 0x00, 0x00, 0x00, 0x00, 0x00, 0x00, 0x00,
    0x00, 0x00, 0x00, 0x00, 0x3F, 0x3F, 0x3F, 0x04, 0x00, 0x00, 0x00, 0x00, 0x5C, 0x5F, 0x5F, 0x50, 0x6C, 0x6A, 0x69, 0xFF, 0x94, 0x7A, 0x72, 0xFC,
    0x98, 0x7B, 0x73, 0xFF, 0xAE, 0x99, 0x93, 0xFF, 0xA1, 0x83, 0x7B, 0xFF, 0x98, 0x7A, 0x71, 0xFE, 0x8A, 0x75, 0x6F, 0xFF, 0x61, 0x61, 0x62, 0xF0,
    0x5F, 0x5F, 0x5F, 0x18, 0x00, 0x00, 0x00, 0x00, 0xFF, 0xFF, 0xFF, 0x01, 0x00, 0x00, 0x00, 0x00, 0x00, 0x00, 0x00, 0x00, 0x00, 0x00, 0x00, 0x00,
    0x00, 0x00, 0x00, 0x00, 0x00, 0x00, 0x00, 0x00, 0x00, 0x00, 0x00, 0x00, 0x00, 0x00, 0x00, 0x00, 0x00, 0x00, 0x00, 0x00, 0x00, 0x00, 0x00, 0x00,
    0x00, 0x00, 0x00, 0x00, 0x00, 0x00, 0x00, 0x00, 0x00, 0x00, 0x00, 0x00, 0x00, 0x00, 0x00, 0x00, 0x00, 0x00, 0x00, 0x00, 0x00, 0x00, 0x00, 0x00,
    0x00, 0x00, 0x00, 0x00, 0x00, 0x00, 0x00, 0x00, 0x00, 0x00, 0x00, 0x00, 0x00, 0x00, 0x00, 0x00, 0x00, 0x00, 0x00, 0x00, 0x00, 0x00, 0x00, 0x00,
    0x00, 0x00, 0x00, 0x00, 0x00, 0x00, 0x00, 0x00, 0x00, 0x00, 0x00, 0x00, 0x00, 0x00, 0x00, 0x00, 0x00, 0x00, 0x00, 0x00, 0x00, 0x00, 0x00, 0x00,
    0x00, 0x00, 0x00, 0x00, 0x00, 0x00, 0x00, 0x00, 0x00, 0x00, 0x00, 0x00, 0x00, 0x00, 0x00, 0x00, 0x00, 0x00, 0x00, 0x00, 0x00, 0x00, 0x00, 0x00,
    0x00, 0x00, 0x00, 0x00, 0x00, 0x00, 0x00, 0x00, 0x00, 0x00, 0x00, 0x00, 0x00, 0x00, 0x00, 0x00, 0x00, 0x00, 0x00, 0x00, 0x00, 0x00, 0x00, 0x00,
    0x00, 0x00, 0x00, 0x00, 0x00, 0x00, 0x00, 0x00, 0x00, 0x00, 0x00, 0x00, 0x00, 0x00, 0x00, 0x00, 0x00, 0x00, 0x00, 0x00, 0x00, 0x00, 0x00, 0x00,
    0x00, 0x00, 0x00, 0x00, 0x00, 0x00, 0x00, 0x00, 0x00, 0x00, 0x00, 0x00, 0x00, 0x00, 0x00, 0x00, 0x00, 0x00, 0x00, 0x00, 0x00, 0x00, 0x00, 0x00,
    0x00, 0x00, 0x00, 0x00, 0x00, 0x00, 0x00, 0x00, 0x00, 0x00, 0x00, 0x00, 0x00, 0x00, 0x00, 0x00, 0x00, 0x00, 0x00, 0x00, 0x00, 0x00, 0x00, 0x00,
    0x00, 0x00, 0x00, 0x00, 0x00, 0x00, 0x00, 0x00, 0x00, 0x00, 0x00, 0x00, 0x00, 0x00, 0x00, 0x00, 0x00, 0x00, 0x00, 0x00, 0x00, 0x00, 0x00, 0x00,
    0x00, 0x00, 0x00, 0x00, 0x00, 0x00, 0x00, 0x00, 0x00, 0x00, 0x00, 0x00, 0x7F, 0x7F, 0x7F, 0x04, 0x00, 0x00, 0x00, 0x00, 0x8F, 0x92, 0x95, 0x50,
    0x95, 0x8F, 0x8D, 0xFF, 0x9D, 0x64, 0x55, 0xFC, 0x96, 0x5F, 0x51, 0xFF, 0xA2, 0x65, 0x54, 0xFF, 0x9F, 0x65, 0x55, 0xFF, 0xA4, 0x64, 0x53, 0xFE,
    0x93, 0x6B, 0x60, 0xFF, 0x8C, 0x8D, 0x8E, 0xF0, 0x7F, 0x7F, 0x7F, 0x18, 0x00, 0x00, 0x00, 0x00, 0xFF, 0xFF, 0xFF, 0x01, 0x00, 0x00, 0x00, 0x00,
    0x00, 0x00, 0x00, 0x00, 0x00, 0x00, 0x00, 0x00, 0x00, 0x00, 0x00, 0x00, 0x00, 0x00, 0x00, 0x00, 0x00, 0x00, 0x00, 0x00, 0x00, 0x00, 0x00, 0x00,
    0x00, 0x00, 0x00, 0x00, 0x00, 0x00, 0x00, 0x00, 0x00, 0x00, 0x00, 0x00, 0x00, 0x00, 0x00, 0x00, 0x00, 0x00, 0x00, 0x00, 0x00, 0x00, 0x00, 0x00,
    0x00, 0x00, 0x00, 0x00, 0x00, 0x00, 0x00, 0x00, 0x00, 0x00, 0x00, 0x00, 0x00, 0x00, 0x00, 0x00, 0x00, 0x00, 0x00, 0x00, 0x00, 0x00, 0x00, 0x00,
    0x00, 0x00, 0x00, 0x00, 0x00, 0x00, 0x00, 0x00, 0x00, 0x00, 0x00, 0x00, 0x00, 0x00, 0x00, 0x00, 0x00, 0x00, 0x00, 0x00, 0x00, 0x00, 0x00, 0x00,
    0x00, 0x00, 0x00, 0x00, 0x00, 0x00, 0x00, 0x00, 0x00, 0x00, 0x00, 0x00, 0x00, 0x00, 0x00, 0x00, 0x00, 0x00, 0x00, 0x00, 0x00, 0x00, 0x00, 0x00,
    0x00, 0x00, 0x00, 0x00, 0x00, 0x00, 0x00, 0x00, 0x00, 0x00, 0x00, 0x00, 0x00, 0x00, 0x00, 0x00, 0x00, 0x00, 0x00, 0x00, 0x00, 0x00, 0x00, 0x00,
    0x00, 0x00, 0x00, 0x00, 0x00, 0x00, 0x00, 0x00, 0x00, 0x00, 0x00, 0x00, 0x00, 0x00, 0x00, 0x00, 0x00, 0x00, 0x00, 0x00, 0x00, 0x00, 0x00, 0x00,
    0x00, 0x00, 0x00, 0x00, 0x00, 0x00, 0x00, 0x00, 0x00, 0x00, 0x00, 0x00, 0x00, 0x00, 0x00, 0x00, 0x00, 0x00, 0x00, 0x00, 0x00, 0x00, 0x00, 0x00,
    0x00, 0x00, 0x00, 0x00, 0x00, 0x00, 0x00, 0x00, 0x00, 0x00, 0x00, 0x00, 0x00, 0x00, 0x00, 0x00, 0x00, 0x00, 0x00, 0x00, 0x00, 0x00, 0x00, 0x00,
    0x00, 0x00, 0x00, 0x00, 0x00, 0x00, 0x00, 0x00, 0x00, 0x00, 0x00, 0x00, 0x00, 0x00, 0x00, 0x00, 0x00, 0x00, 0x00, 0x00, 0x00, 0x00, 0x00, 0x00,
    0x00, 0x00, 0x00, 0x00, 0x00, 0x00, 0x00, 0x00, 0x00, 0x00, 0x00, 0x00, 0x00, 0x00, 0x00, 0x00, 0x00, 0x00, 0x00, 0x00, 0x7F, 0x7F, 0x7F, 0x04,
    0x00, 0x00, 0x00, 0x00, 0x85, 0x8F, 0x92, 0x50, 0x93, 0x8A, 0x87, 0xFF, 0x8A, 0x48, 0x37, 0xFC, 0x72, 0x3A, 0x2C, 0xFF, 0x6F, 0x3A, 0x2C, 0xFF,
    0x7D, 0x42, 0x31, 0xFF, 0x7C, 0x3E, 0x2C, 0xFE, 0x83, 0x55, 0x49, 0xFF, 0x80, 0x81, 0x82, 0xF0, 0x7F, 0x7F, 0x7F, 0x18, 0x00, 0x00, 0x00, 0x00,
    0xFF, 0xFF, 0xFF, 0x01, 0x00, 0x00, 0x00, 0x00, 0x00, 0x00, 0x00, 0x00, 0x00, 0x00, 0x00, 0x00, 0x00, 0x00, 0x00, 0x00, 0x00, 0x00, 0x00, 0x00,
    0x00, 0x00, 0x00, 0x00, 0x00, 0x00, 0x00, 0x00, 0x00, 0x00, 0x00, 0x00, 0x00, 0x00, 0x00, 0x00, 0x00, 0x00, 0x00, 0x00, 0x00, 0x00, 0x00, 0x00,
    0x00, 0x00, 0x00, 0x00, 0x00, 0x00, 0x00, 0x00, 0x00, 0x00, 0x00, 0x00, 0x00, 0x00, 0x00, 0x00, 0x00, 0x00, 0x00, 0x00, 0x00, 0x00, 0x00, 0x00,
    0x00, 0x00, 0x00, 0x00, 0x00, 0x00, 0x00, 0x00, 0x00, 0x00, 0x00, 0x00, 0x00, 0x00, 0x00, 0x00, 0x00, 0x00, 0x00, 0x00, 0x00, 0x00, 0x00, 0x00,
    0x00, 0x00, 0x00, 0x00, 0x00, 0x00, 0x00, 0x00, 0x00, 0x00, 0x00, 0x00, 0x00, 0x00, 0x00, 0x00, 0x00, 0x00, 0x00, 0x00, 0x00, 0x00, 0x00, 0x00,
    0x00, 0x00, 0x00, 0x00, 0x00, 0x00, 0x00, 0x00, 0x00, 0x00, 0x00, 0x00, 0x00, 0x00, 0x00, 0x00, 0x00, 0x00, 0x00, 0x00, 0x00, 0x00, 0x00, 0x00,
    0x00, 0x00, 0x00, 0x00, 0x00, 0x00, 0x00, 0x00, 0x00, 0x00, 0x00, 0x00, 0x00, 0x00, 0x00, 0x00, 0x00, 0x00, 0x00, 0x00, 0x00, 0x00, 0x00, 0x00,
    0x00, 0x00, 0x00, 0x00, 0x00, 0x00, 0x00, 0x00, 0x00, 0x00, 0x00, 0x00, 0x00, 0x00, 0x00, 0x00, 0x00, 0x00, 0x00, 0x00, 0x00, 0x00, 0x00, 0x00,
    0x00, 0x00, 0x00, 0x00, 0x00, 0x00, 0x00, 0x00, 0x00, 0x00, 0x00, 0x00, 0x00, 0x00, 0x00, 0x00, 0x00, 0x00, 0x00, 0x00, 0x00, 0x00, 0x00, 0x00,
    0x00, 0x00, 0x00, 0x00, 0x00, 0x00, 0x00, 0x00, 0x00, 0x00, 0x00, 0x00, 0x00, 0x00, 0x00, 0x00, 0x00, 0x00, 0x00, 0x00, 0x00, 0x00, 0x00, 0x00,
    0x00, 0x00, 0x00, 0x00, 0x00, 0x00, 0x00, 0x00, 0x00, 0x00, 0x00, 0x00, 0x00, 0x00, 0x00, 0x00, 0x00, 0x00, 0x00, 0x00, 0x00, 0x00, 0x00, 0x00,
    0x00, 0x00, 0x00, 0x00, 0x7F, 0x7F, 0x7F, 0x04, 0x00, 0x00, 0x00, 0x00, 0x75, 0x7C, 0x7C, 0x50, 0x8D, 0x86, 0x83, 0xFF, 0x89, 0x53, 0x46, 0xFC,
    0x7D, 0x4D, 0x3F, 0xFF, 0x76, 0x46, 0x3A, 0xFF, 0x7D, 0x4D, 0x40, 0xFF, 0x7E, 0x4B, 0x3D, 0xFE, 0x81, 0x5C, 0x52, 0xFF, 0x7E, 0x7F, 0x7F, 0xF0,
    0x7F, 0x7F, 0x7F, 0x18, 0x00, 0x00, 0x00, 0x00, 0xFF, 0xFF, 0xFF, 0x01, 0x00, 0x00, 0x00, 0x00, 0x00, 0x00, 0x00, 0x00, 0x00, 0x00, 0x00, 0x00,
    0x00, 0x00, 0x00, 0x00, 0x00, 0x00, 0x00, 0x00, 0x00, 0x00, 0x00, 0x00, 0x00, 0x00, 0x00, 0x00, 0x00, 0x00, 0x00, 0x00, 0x00, 0x00, 0x00, 0x00,
    0x00, 0x00, 0x00, 0x00, 0x00, 0x00, 0x00, 0x00, 0x00, 0x00, 0x00, 0x00, 0x00, 0x00, 0x00, 0x00, 0x00, 0x00, 0x00, 0x00, 0x00, 0x00, 0x00, 0x00,
    0x00, 0x00, 0x00, 0x00, 0x00, 0x00, 0x00, 0x00, 0x00, 0x00, 0x00, 0x00, 0x00, 0x00, 0x00, 0x00, 0x00, 0x00, 0x00, 0x00, 0x00, 0x00, 0x00, 0x00,
    0x00, 0x00, 0x00, 0x00, 0x00, 0x00, 0x00, 0x00, 0x00, 0x00, 0x00, 0x00, 0x00, 0x00, 0x00, 0x00, 0x00, 0x00, 0x00, 0x00, 0x00, 0x00, 0x00, 0x00,
    0x00, 0x00, 0x00, 0x00, 0x00, 0x00, 0x00, 0x00, 0x00, 0x00, 0x00, 0x00, 0x00, 0x00, 0x00, 0x00, 0x00, 0x00, 0x00, 0x00, 0x00, 0x00, 0x00, 0x00,
    0x00, 0x00, 0x00, 0x00, 0x00, 0x00, 0x00, 0x00, 0x00, 0x00, 0x00, 0x00, 0x00, 0x00, 0x00, 0x00, 0x00, 0x00, 0x00, 0x00, 0x00, 0x00, 0x00, 0x00,
    0x00, 0x00, 0x00, 0x00, 0x00, 0x00, 0x00, 0x00, 0x00, 0x00, 0x00, 0x00, 0x00, 0x00, 0x00, 0x00, 0x00, 0x00, 0x00, 0x00, 0x00, 0x00, 0x00, 0x00,
    0x00, 0x00, 0x00, 0x00, 0x00, 0x00, 0x00, 0x00, 0x00, 0x00, 0x00, 0x00, 0x00, 0x00, 0x00, 0x00, 0x00, 0x00, 0x00, 0x00, 0x00, 0x00, 0x00, 0x00,
    0x00, 0x00, 0x00, 0x00, 0x00, 0x00, 0x00, 0x00, 0x00, 0x00, 0x00, 0x00, 0x00, 0x00, 0x00, 0x00, 0x00, 0x00, 0x00, 0x00, 0x00, 0x00, 0x00, 0x00,
    0x00, 0x00, 0x00, 0x00, 0x00, 0x00, 0x00, 0x00, 0x00, 0x00, 0x00, 0x00, 0x00, 0x00, 0x00, 0x00, 0x00, 0x00, 0x00, 0x00, 0x00, 0x00, 0x00, 0x00,
    0x00, 0x00, 0x00, 0x00, 0x00, 0x00, 0x00, 0x00, 0x00, 0x00, 0x00, 0x00, 0x7F, 0x7F, 0x7F, 0x04, 0x00, 0x00, 0x00, 0x00, 0x82, 0x85, 0x85, 0x50,
    0x8D, 0x8A, 0x88, 0xFF, 0x9B, 0x7F, 0x77, 0xFC, 0x9E, 0x81, 0x79, 0xFF, 0x9D, 0x88, 0x82, 0xFF, 0x9E, 0x83, 0x7B, 0xFF, 0xA3, 0x83, 0x7A, 0xFE,
    0x99, 0x83, 0x7C, 0xFF, 0x7C, 0x7C, 0x7D, 0xF0, 0x7F, 0x7F, 0x7F, 0x18, 0x00, 0x00, 0x00, 0x00, 0xFF, 0xFF, 0xFF, 0x01, 0x00, 0x00, 0x00, 0x00,
    0x00, 0x00, 0x00, 0x00, 0x7F, 0x7F, 0x7F, 0x02, 0xAA, 0xAA, 0xAA, 0x03, 0x7F, 0x7F, 0x7F, 0x02, 0xAA, 0xAA, 0xAA, 0x03, 0x55, 0x55, 0x55, 0x03,
    0x55, 0x55, 0x55, 0x03, 0x55, 0x55, 0x55, 0x03, 0x55, 0x55, 0x55, 0x03, 0xAA, 0xAA, 0xAA, 0x03, 0x55, 0x55, 0x55, 0x03, 0x55, 0x55, 0x55, 0x03,
    0x55, 0x55, 0x55, 0x03, 0x55, 0x55, 0x55, 0x03, 0x55, 0x55, 0x55, 0x03, 0x55, 0x55, 0x55, 0x03, 0x55, 0x55, 0x55, 0x03, 0x55, 0x55, 0x55, 0x03,
    0x55, 0x55, 0x55, 0x03, 0xAA, 0xAA, 0xAA, 0x03, 0x55, 0x55, 0x55, 0x03, 0x55, 0x55, 0x55, 0x03, 0x55, 0x55, 0x55, 0x03, 0xAA, 0xAA, 0xAA, 0x03,
    0x55, 0x55, 0x55, 0x03, 0x55, 0x55, 0x55, 0x03, 0x55, 0x55, 0x55, 0x03, 0x55, 0x55, 0x55, 0x03, 0x55, 0x55, 0x55, 0x03, 0x55, 0x55, 0x55, 0x03,
    0x55, 0x55, 0x55, 0x03, 0x55, 0x55, 0x55, 0x03, 0x55, 0x55, 0x55, 0x03, 0xAA, 0xAA, 0xAA, 0x03, 0x55, 0x55, 0x55, 0x03, 0x55, 0x55, 0x55, 0x03,
    0x55, 0x55, 0x55, 0x03, 0x55, 0x55, 0x55, 0x03, 0xAA, 0xAA, 0xAA, 0x03, 0x55, 0x55, 0x55, 0x03, 0x55, 0x55, 0x55, 0x03, 0x55, 0x55, 0x55, 0x03,
    0x55, 0x55, 0x55, 0x03, 0x7F, 0x7F, 0x7F, 0x04, 0x00, 0x00, 0x00, 0x01, 0x00, 0x00, 0x00, 0x00, 0x00, 0x00, 0x00, 0x00, 0x00, 0x00, 0x00, 0x00,
    0x00, 0x00, 0x00, 0x00, 0x00, 0x00, 0x00, 0x00, 0x00, 0x00, 0x00, 0x00, 0x00, 0x00, 0x00, 0x00, 0x00, 0x00, 0x00, 0x00, 0x00, 0x00, 0x00, 0x00,
    0x00, 0x00, 0x00, 0x00, 0x00, 0x00, 0x00, 0x00, 0x00, 0x00, 0x00, 0x00, 0x00, 0x00, 0x00, 0x00, 0x00, 0x00, 0x00, 0x00, 0x00, 0x00, 0x00, 0x00,
    0x00, 0x00, 0x00, 0x00, 0x00, 0x00, 0x00, 0x00, 0x00, 0x00, 0x00, 0x00, 0x00, 0x00, 0x00, 0x00, 0x00, 0x00, 0x00, 0x00, 0x7F, 0x7F, 0x7F, 0x04,
    0x00, 0x00, 0x00, 0x00, 0x75, 0x7C, 0x7C, 0x50, 0x84, 0x7D, 0x7C, 0xFF, 0x8F, 0x50, 0x3F, 0xFC, 0x94, 0x52, 0x41, 0xFF, 0xAB, 0x91, 0x89, 0xFF,
    0xA4, 0x65, 0x53, 0xFF, 0x9E, 0x53, 0x3F, 0xFE, 0x92, 0x5F, 0x53, 0xFF, 0x77, 0x79, 0x7A, 0xF0, 0x8A, 0x7F, 0x7F, 0x18, 0x00, 0x00, 0x00, 0x00,
    0xFF, 0xFF, 0xFF, 0x01, 0x00, 0x00, 0x00, 0x00, 0x00, 0x00, 0x00, 0x00, 0x00, 0x00, 0x00, 0x00, 0x00, 0x00, 0x00, 0x00, 0x00, 0x00, 0x00, 0x00,
    0x00, 0x00, 0x00, 0x00, 0x00, 0x00, 0x00, 0x00, 0x00, 0x00, 0x00, 0x00, 0x00, 0x00, 0x00, 0x00, 0x00, 0x00, 0x00, 0x00, 0x00, 0x00, 0x00, 0x00,
    0x00, 0x00, 0x00, 0x00, 0x00, 0x00, 0x00, 0x00, 0x00, 0x00, 0x00, 0x00, 0x00, 0x00, 0x00, 0x00, 0x00, 0x00, 0x00, 0x00, 0x00, 0x00, 0x00, 0x00,
    0x00, 0x00, 0x00, 0x00, 0x00, 0x00, 0x00, 0x00, 0x00, 0x00, 0x00, 0x00, 0x00, 0x00, 0x00, 0x00, 0x00, 0x00, 0x00, 0x00, 0x00, 0x00, 0x00, 0x00,
    0x00, 0x00, 0x00, 0x00, 0x00, 0x00, 0x00, 0x00, 0x00, 0x00, 0x00, 0x00, 0x00, 0x00, 0x00, 0x00, 0x00, 0x00, 0x00, 0x00, 0x00, 0x00, 0x00, 0x00,
    0x00, 0x00, 0x00, 0x00, 0x00, 0x00, 0x00, 0x00, 0x00, 0x00, 0x00, 0x00, 0x00, 0x00, 0x00, 0x00, 0x00, 0x00, 0x00, 0x00, 0x00, 0x00, 0x00, 0x00,
    0x00, 0x00, 0x00, 0x00, 0x00, 0x00, 0x00, 0x00, 0x00, 0x00, 0x00, 0x00, 0x00, 0x00, 0x00, 0x00, 0x00, 0x00, 0x00, 0x00, 0x00, 0x00, 0x00, 0x00,
    0x00, 0x00, 0x00, 0x00, 0x00, 0x00, 0x00, 0x00, 0x00, 0x00, 0x00, 0x00, 0x00, 0x00, 0x00, 0x00, 0x00, 0x00, 0x00, 0x00, 0x00, 0x00, 0x00, 0x00,
    0x00, 0x00, 0x00, 0x00, 0x00, 0x00, 0x00, 0x00, 0x00, 0x00, 0x00, 0x00, 0x00, 0x00, 0x00, 0x00, 0x00, 0x00, 0x00, 0x00, 0x00, 0x00, 0x00, 0x00,
    0x00, 0x00, 0x00, 0x00, 0x00, 0x00, 0x00, 0x00, 0x00, 0x00, 0x00, 0x00, 0x00, 0x00, 0x00, 0x00, 0x00, 0x00, 0x00, 0x00, 0x00, 0x00, 0x00, 0x00,
    0x00, 0x00, 0x00, 0x00, 0x00, 0x00, 0x00, 0x00, 0x00, 0x00, 0x00, 0x00, 0x00, 0x00, 0x00, 0x00, 0x00, 0x00, 0x00, 0x00, 0x00, 0x00, 0x00, 0x00,
    0x00, 0x00, 0x00, 0x00, 0x7F, 0x7F, 0x7F, 0x04, 0x00, 0x00, 0x00, 0x00, 0x79, 0x7F, 0x7F, 0x50, 0x81, 0x7C, 0x7B, 0xFF, 0x70, 0x3A, 0x2B, 0xFC,
    0x75, 0x3D, 0x2E, 0xFF, 0xA9, 0x8E, 0x85, 0xFF, 0x9F, 0x5E, 0x4B, 0xFF, 0x75, 0x38, 0x27, 0xFE, 0x77, 0x4C, 0x41, 0xFF, 0x79, 0x7A, 0x7C, 0xF0,
    0x74, 0x74, 0x74, 0x18, 0x00, 0x00, 0x00, 0x00, 0xFF, 0xFF, 0xFF, 0x01, 0x7F, 0x7F, 0x7F, 0x02, 0x00, 0x00, 0x00, 0x00, 0x7F, 0x7F, 0x7F, 0x32,
    0x7F, 0x85, 0x87, 0xA4, 0x7B, 0x83, 0x85, 0xAC, 0x83, 0x8A, 0x8C, 0xAB, 0x81, 0x87, 0x8A, 0xAB, 0x74, 0x7B, 0x7D, 0xAB, 0x5A, 0x5D, 0x5F, 0xAB,
    0x89, 0x8D, 0x8F, 0xAB, 0x8A, 0x92, 0x95, 0xAB, 0x6F, 0x77, 0x7A, 0xAB, 0x71, 0x78, 0x7A, 0xAB, 0x7D, 0x83, 0x84, 0xAB, 0x7E, 0x86, 0x87, 0xAB,
    0x78, 0x7D, 0x7E, 0xAB, 0x77, 0x7A, 0x7B, 0xAB, 0x7E, 0x86, 0x87, 0xAB, 0x7A, 0x81, 0x83, 0xAB, 0x7E, 0x84, 0x87, 0xAB, 0x84, 0x8A, 0x8C, 0xAB,
    0x7E, 0x86, 0x87, 0xAB, 0x6C, 0x72, 0x74, 0xAB, 0x5D, 0x60, 0x60, 0xAB, 0x96, 0x9C, 0x9E, 0xAB, 0x81, 0x89, 0x8C, 0xAB, 0x6F, 0x75, 0x78, 0xAB,
    0x72, 0x7A, 0x7B, 0xAB, 0x7D, 0x83, 0x86, 0xAB, 0x7D, 0x84, 0x86, 0xAB, 0x75, 0x7A, 0x7B, 0xAB, 0x78, 0x7D, 0x7D, 0xAB, 0x7E, 0x86, 0x89, 0xAB,
    0x7A, 0x81, 0x84, 0xAB, 0x80, 0x87, 0x89, 0xAB, 0x83, 0x8A, 0x8C, 0xAB, 0x7D, 0x84, 0x86, 0xAB, 0x66, 0x6C, 0x6E, 0xAB, 0x66, 0x69, 0x6B, 0xAB,
    0x96, 0x9E, 0x9F, 0xAB, 0x7A, 0x83, 0x84, 0xAB, 0x6E, 0x75, 0x77, 0xAB, 0x75, 0x7D, 0x7E, 0xAB, 0x7F, 0x86, 0x88, 0xAC, 0x7F, 0x81, 0x81, 0x86,
    0x8D, 0x8D, 0x8D, 0x09, 0x00, 0x00, 0x00, 0x00, 0x00, 0x00, 0x00, 0x00, 0x00, 0x00, 0x00, 0x00, 0x00, 0x00, 0x00, 0x00, 0x00, 0x00, 0x00, 0x00,
    0x00, 0x00, 0x00, 0x00, 0x00, 0x00, 0x00, 0x00, 0x00, 0x00, 0x00, 0x00, 0x00, 0x00, 0x00, 0x00, 0x00, 0x00, 0x00, 0x00, 0x00, 0x00, 0x00, 0x00,
    0x00, 0x00, 0x00, 0x00, 0x00, 0x00, 0x00, 0x00, 0x00, 0x00, 0x00, 0x00, 0x00, 0x00, 0x00, 0x00, 0x00, 0x00, 0x00, 0x00, 0x00, 0x00, 0x00, 0x00,
    0x00, 0x00, 0x00, 0x00, 0x00, 0x00, 0x00, 0x00, 0x00, 0x00, 0x00, 0x00, 0x7F, 0x7F, 0x7F, 0x04, 0x00, 0x00, 0x00, 0x00, 0x66, 0x69, 0x69, 0x50,
    0x70, 0x6B, 0x6A, 0xFF, 0x79, 0x57, 0x4C, 0xFC, 0x82, 0x5B, 0x51, 0xFF, 0xAD, 0x99, 0x93, 0xFF, 0xA4, 0x76, 0x67, 0xFF, 0x81, 0x58, 0x4D, 0xFE,
    0x82, 0x62, 0x5A, 0xFF, 0x5F, 0x60, 0x60, 0xF0, 0x6A, 0x5F, 0x5F, 0x18, 0x00, 0x00, 0x00, 0x00, 0x7F, 0x7F, 0x7F, 0x02, 0x7F, 0x7F, 0x7F, 0x02,
    0x00, 0x00, 0x00, 0x00, 0x77, 0x7B, 0x7B, 0xC8, 0x97, 0x82, 0x7D, 0xFF, 0x9B, 0x78, 0x6F, 0xFF, 0x9A, 0x7D, 0x75, 0xFF, 0x97, 0x79, 0x71, 0xFF,
    0x8B, 0x6C, 0x64, 0xFF, 0x85, 0x75, 0x71, 0xFF, 0x99, 0x84, 0x7E, 0xFF, 0xA4, 0x80, 0x77, 0xFF, 0x92, 0x72, 0x6A, 0xFF, 0x8F, 0x71, 0x69, 0xFF,
    0x92, 0x75, 0x6D, 0xFF, 0x93, 0x73, 0x6B, 0xFF, 0x97, 0x81, 0x7B, 0xFF, 0x99, 0x89, 0x84, 0xFF, 0x93, 0x73, 0x6B, 0xFF, 0x99, 0x78, 0x6F, 0xFF,
    0x9B, 0x7B, 0x73, 0xFF, 0x9A, 0x7D, 0x75, 0xFF, 0x95, 0x76, 0x6E, 0xFF, 0x88, 0x6A, 0x63, 0xFF, 0x87, 0x7B, 0x78, 0xFF, 0xA0, 0x85, 0x7E, 0xFF,
    0xA1, 0x7E, 0x74, 0xFF, 0x8F, 0x71, 0x69, 0xFF, 0x90, 0x72, 0x6A, 0xFF, 0x92, 0x75, 0x6D, 0xFF, 0x93, 0x73, 0x6A, 0xFF, 0x99, 0x85, 0x80, 0xFF,
    0x97, 0x85, 0x80, 0xFF, 0x93, 0x72, 0x6A, 0xFF, 0x9A, 0x79, 0x70, 0xFF, 0x9B, 0x7C, 0x74, 0xFF, 0x9A, 0x7C, 0x74, 0xFF, 0x93, 0x74, 0x6C, 0xFF,
    0x86, 0x6C, 0x65, 0xFF, 0x8B, 0x7E, 0x7A, 0xFF, 0xA2, 0x85, 0x7D, 0xFF, 0x9D, 0x7A, 0x72, 0xFF, 0x8E, 0x70, 0x68, 0xFF, 0x90, 0x72, 0x6A, 0xFF,
    0x92, 0x73, 0x6B, 0xFF, 0x8D, 0x86, 0x84, 0xFF, 0x77, 0x7A, 0x7C, 0x62, 0x00, 0x00, 0x00, 0x00, 0x7F, 0x7F, 0x7F, 0x04, 0x00, 0x00, 0x00, 0x00,
    0x00, 0x00, 0x00, 0x00, 0x00, 0x00, 0x00, 0x00, 0x00, 0x00, 0x00, 0x00, 0x00, 0x00, 0x00, 0x00, 0x00, 0x00, 0x00, 0x00, 0x00, 0x00, 0x00, 0x00,
    0x00, 0x00, 0x00, 0x00, 0x00, 0x00, 0x00, 0x00, 0x00, 0x00, 0x00, 0x00, 0x00, 0x00, 0x00, 0x00, 0x00, 0x00, 0x00, 0x00, 0x00, 0x00, 0x00, 0x00,
    0x00, 0x00, 0x00, 0x00, 0x00, 0x00, 0x00, 0x00, 0x00, 0x00, 0x00, 0x00, 0x00, 0x00, 0x00, 0x00, 0x00, 0x00, 0x00, 0x00, 0x3F, 0x3F, 0x3F, 0x04,
    0x00, 0x00, 0x00, 0x00, 0x72, 0x72, 0x72, 0x50, 0x80, 0x7C, 0x7C, 0xFF, 0xA0, 0x7C, 0x72, 0xFC, 0xA5, 0x7F, 0x74, 0xFF, 0xB2, 0x88, 0x7C, 0xFF,
    0xA2, 0x7D, 0x73, 0xFF, 0xA2, 0x7B, 0x70, 0xFE, 0x97, 0x7C, 0x74, 0xFF, 0x72, 0x73, 0x73, 0xF0, 0x74, 0x74, 0x74, 0x18, 0x00, 0x00, 0x00, 0x00,
    0x7F, 0x7F, 0x7F, 0x02, 0x00, 0x00, 0x00, 0x00, 0x00, 0x00, 0x00, 0x00, 0x7C, 0x82, 0x83, 0xDB, 0x8A, 0x60, 0x55, 0xFB, 0x8A, 0x43, 0x30, 0xFA,
    0x85, 0x46, 0x35, 0xFC, 0x88, 0x48, 0x36, 0xFC, 0x7B, 0x3B, 0x2B, 0xFC, 0x9C, 0x7E, 0x76, 0xFC, 0xA2, 0x69, 0x5A, 0xFC, 0x8D, 0x44, 0x31, 0xFC,
    0x88, 0x48, 0x37, 0xFC, 0x87, 0x47, 0x35, 0xFC, 0x86, 0x46, 0x35, 0xFC, 0x86, 0x40, 0x2E, 0xFC, 0x99, 0x69, 0x5C, 0xFC, 0xB1, 0x88, 0x7D, 0xFC,
    0x92, 0x48, 0x34, 0xFC, 0x88, 0x48, 0x36, 0xFC, 0x88, 0x46, 0x35, 0xFC, 0x86, 0x45, 0x34, 0xFC, 0x86, 0x45, 0x34, 0xFC, 0x7C, 0x43, 0x34, 0xFC,
    0xA8, 0x8B, 0x85, 0xFC, 0x99, 0x55, 0x42, 0xFC, 0x8C, 0x47, 0x35, 0xFC, 0x89, 0x48, 0x36, 0xFC, 0x87, 0x47, 0x35, 0xFC, 0x86, 0x46, 0x35, 0xFC,
    0x86, 0x3F, 0x2D, 0xFC, 0xA0, 0x77, 0x6B, 0xFC, 0xAD, 0x7E, 0x71, 0xFC, 0x8E, 0x44, 0x31, 0xFC, 0x89, 0x48, 0x37, 0xFC, 0x88, 0x46, 0x35, 0xFC,
    0x87, 0x46, 0x35, 0xFC, 0x83, 0x42, 0x30, 0xFC, 0x82, 0x4F, 0x41, 0xFC, 0xAA, 0x88, 0x81, 0xFC, 0x95, 0x4D, 0x3A, 0xFC, 0x8B, 0x48, 0x37, 0xFC,
    0x88, 0x48, 0x36, 0xFC, 0x87, 0x46, 0x35, 0xFC, 0x87, 0x44, 0x31, 0xF7, 0x8D, 0x7D, 0x79, 0xFB, 0x7C, 0x82, 0x84, 0x7B, 0x00, 0x00, 0x00, 0x00,
    0x7F, 0x7F, 0x7F, 0x04, 0x00, 0x00, 0x00, 0x00, 0x00, 0x00, 0x00, 0x00, 0x00, 0x00, 0x00, 0x00, 0x00, 0x00, 0x00, 0x00, 0x00, 0x00, 0x00, 0x00,
    0x00, 0x00, 0x00, 0x00, 0x00, 0x00, 0x00, 0x00, 0x00, 0x00, 0x00, 0x00, 0x00, 0x00, 0x00, 0x00, 0x00, 0x00, 0x00, 0x00, 0x00, 0x00, 0x00, 0x00,
    0x00, 0x00, 0x00, 0x00, 0x00, 0x00, 0x00, 0x00, 0x00, 0x00, 0x00, 0x00, 0x00, 0x00, 0x00, 0x00, 0x00, 0x00, 0x00, 0x00, 0x00, 0x00, 0x00, 0x00,
    0x00, 0x00, 0x00, 0x00, 0x7F, 0x7F, 0x7F, 0x04, 0x00, 0x00, 0x00, 0x00, 0x89, 0x8F, 0x8F, 0x50, 0x9A, 0x93, 0x91, 0xFF, 0x8E, 0x4C, 0x3A, 0xFC,
    0x93, 0x4E, 0x3B, 0xFF, 0x9A, 0x52, 0x3F, 0xFF, 0x97, 0x51, 0x3E, 0xFF, 0x92, 0x4A, 0x36, 0xFE, 0x8E, 0x5D, 0x50, 0xFF, 0x8A, 0x8C, 0x8D, 0xF0,
    0x94, 0x8A, 0x8A, 0x18, 0x00, 0x00, 0x00, 0x00, 0x7F, 0x7F, 0x7F, 0x02, 0x00, 0x00, 0x00, 0x00, 0x00, 0x00, 0x00, 0x00, 0x6D, 0x72, 0x73, 0xD8,
    0x77, 0x56, 0x4D, 0xFF, 0x7C, 0x41, 0x30, 0xFD, 0x78, 0x43, 0x35, 0xFF, 0x7A, 0x44, 0x35, 0xFF, 0x72, 0x3B, 0x2C, 0xFF, 0x9A, 0x7E, 0x77, 0xFF,
    0xA4, 0x6E, 0x60, 0xFF, 0x7B, 0x40, 0x30, 0xFF, 0x77, 0x42, 0x34, 0xFF, 0x79, 0x43, 0x35, 0xFF, 0x7D, 0x46, 0x37, 0xFF, 0x77, 0x3D, 0x2E, 0xFF,
    0x8D, 0x64, 0x59, 0xFF, 0xAC, 0x86, 0x7B, 0xFF, 0x81, 0x44, 0x32, 0xFF, 0x73, 0x40, 0x32, 0xFF, 0x7D, 0x44, 0x36, 0xFF, 0x78, 0x43, 0x34, 0xFF,
    0x78, 0x42, 0x33, 0xFF, 0x76, 0x43, 0x36, 0xFF, 0xA7, 0x8C, 0x87, 0xFF, 0x9A, 0x5A, 0x49, 0xFF, 0x77, 0x40, 0x31, 0xFF, 0x78, 0x42, 0x34, 0xFF,
    0x7A, 0x43, 0x35, 0xFF, 0x7D, 0x46, 0x37, 0xFF, 0x76, 0x3B, 0x2C, 0xFF, 0x95, 0x72, 0x68, 0xFF, 0xAA, 0x7E, 0x71, 0xFF, 0x7A, 0x3E, 0x2E, 0xFF,
    0x76, 0x42, 0x34, 0xFF, 0x7C, 0x45, 0x35, 0xFF, 0x79, 0x43, 0x34, 0xFF, 0x76, 0x3F, 0x30, 0xFF, 0x7C, 0x4F, 0x44, 0xFF, 0xAA, 0x8A, 0x83, 0xFF,
    0x91, 0x50, 0x3F, 0xFF, 0x76, 0x41, 0x32, 0xFF, 0x79, 0x42, 0x34, 0xFF, 0x7B, 0x44, 0x35, 0xFF, 0x7B, 0x43, 0x32, 0xFB, 0x7B, 0x6E, 0x6B, 0xFF,
    0x6D, 0x73, 0x75, 0x77, 0x00, 0x00, 0x00, 0x00, 0x7F, 0x7F, 0x7F, 0x04, 0x00, 0x00, 0x00, 0x00, 0x00, 0x00, 0x00, 0x00, 0x00, 0x00, 0x00, 0x00,
    0x00, 0x00, 0x00, 0x00, 0x00, 0x00, 0x00, 0x00, 0x00, 0x00, 0x00, 0x00, 0x00, 0x00, 0x00, 0x00, 0x00, 0x00, 0x00, 0x00, 0x00, 0x00, 0x00, 0x00,
    0x00, 0x00, 0x00, 0x00, 0x00, 0x00, 0x00, 0x00, 0x00, 0x00, 0x00, 0x00, 0x00, 0x00, 0x00, 0x00, 0x00, 0x00, 0x00, 0x00, 0x00, 0x00, 0x00, 0x00,
    0x00, 0x00, 0x00, 0x00, 0x00, 0x00, 0x00, 0x00, 0x00, 0x00, 0x00, 0x00, 0x7F, 0x7F, 0x7F, 0x04, 0x00, 0x00, 0x00, 0x00, 0x66, 0x6C, 0x6F, 0x50,
    0x80, 0x78, 0x76, 0xFF, 0x81, 0x45, 0x35, 0xFC, 0x68, 0x36, 0x29, 0xFF, 0x72, 0x3D, 0x2F, 0xFF, 0x75, 0x3F, 0x30, 0xFF, 0x7F, 0x41, 0x2F, 0xFE,
    0x7A, 0x50, 0x46, 0xFF, 0x7D, 0x7E, 0x80, 0xF0, 0x74, 0x74, 0x74, 0x18, 0x00, 0x00, 0x00, 0x00, 0x7F, 0x7F, 0x7F, 0x02, 0x00, 0x00, 0x00, 0x00,
    0x01, 0x00, 0x00, 0x00, 0x5C, 0x5E, 0x5F, 0xD9, 0x85, 0x74, 0x70, 0xFF, 0x9A, 0x7D, 0x74, 0xFD, 0x97, 0x7D, 0x75, 0xFF, 0x98, 0x7D, 0x75, 0xFF,
    0x97, 0x7C, 0x74, 0xFF, 0xAA, 0x94, 0x8E, 0xFF, 0xA6, 0x8B, 0x83, 0xFF, 0x98, 0x7C, 0x74, 0xFF, 0x96, 0x7B, 0x74, 0xFF, 0x98, 0x7D, 0x75, 0xFF,
    0x9A, 0x7F, 0x77, 0xFF, 0x97, 0x7B, 0x73, 0xFF, 0xA0, 0x87, 0x81, 0xFF, 0xA9, 0x91, 0x8A, 0xFF, 0x97, 0x7B, 0x74, 0xFF, 0x94, 0x7A, 0x73, 0xFF,
    0x97, 0x7D, 0x75, 0xFF, 0x98, 0x7D, 0x75, 0xFF, 0x98, 0x7D, 0x75, 0xFF, 0x9A, 0x7F, 0x77, 0xFF, 0xAE, 0x9A, 0x94, 0xFF, 0xA0, 0x84, 0x7C, 0xFF,
    0x98, 0x7C, 0x74, 0xFF, 0x96, 0x7B, 0x74, 0xFF, 0x99, 0x7D, 0x75, 0xFF, 0x9A, 0x7F, 0x77, 0xFF, 0x97, 0x7A, 0x71, 0xFF, 0xA3, 0x8C, 0x85, 0xFF,
    0xA7, 0x8E, 0x87, 0xFF, 0x95, 0x79, 0x72, 0xFF, 0x95, 0x7A, 0x73, 0xFF, 0x97, 0x7D, 0x75, 0xFF, 0x97, 0x7D, 0x75, 0xFF, 0x97, 0x7D, 0x75, 0xFF,
    0x9E, 0x83, 0x7C, 0xFF, 0xAE, 0x98, 0x92, 0xFF, 0x9E, 0x80, 0x78, 0xFF, 0x97, 0x7C, 0x74, 0xFF, 0x96, 0x7B, 0x74, 0xFF, 0x99, 0x7E, 0x75, 0xFF,
    0x9B, 0x80, 0x76, 0xFB, 0x72, 0x6C, 0x6A, 0xFF, 0x59, 0x5B, 0x5B, 0x78, 0x00, 0x00, 0x00, 0x00, 0x3F, 0x3F, 0x3F, 0x04, 0x00, 0x00, 0x00, 0x00,
    0x00, 0x00, 0x00, 0x00, 0x00, 0x00, 0x00, 0x00, 0x00, 0x00, 0x00, 0x00, 0x00, 0x00, 0x00, 0x00, 0x00, 0x00, 0x00, 0x00, 0x00, 0x00, 0x00, 0x00,
    0x00, 0x00, 0x00, 0x00, 0x00, 0x00, 0x00, 0x00, 0x00, 0x00, 0x00, 0x00, 0x00, 0x00, 0x00, 0x00, 0x00, 0x00, 0x00, 0x00, 0x00, 0x00, 0x00, 0x00,
    0x00, 0x00, 0x00, 0x00, 0x00, 0x00, 0x00, 0x00, 0x00, 0x00, 0x00, 0x00, 0x00, 0x00, 0x00, 0x00, 0x00, 0x00, 0x00, 0x00, 0x7F, 0x7F, 0x7F, 0x04,
    0x00, 0x00, 0x00, 0x00, 0x7C, 0x7F, 0x82, 0x50, 0x8D, 0x89, 0x87, 0xFF, 0x94, 0x73, 0x6A, 0xFC, 0x86, 0x6B, 0x63, 0xFF, 0x8E, 0x6D, 0x64, 0xFF,
    0x8B, 0x6E, 0x65, 0xFF, 0x91, 0x71, 0x67, 0xFE, 0x8C, 0x75, 0x6E, 0xFF, 0x78, 0x78, 0x79, 0xF0, 0x8A, 0x8A, 0x8A, 0x18, 0x00, 0x00, 0x00, 0x00,
    0x7F, 0x7F, 0x7F, 0x02, 0x00, 0x00, 0x00, 0x00, 0x00, 0x00, 0x00, 0x00, 0x93, 0x98, 0x9A, 0xD8, 0x98, 0x70, 0x66, 0xFF, 0xA3, 0x76, 0x69, 0xFD,
    0xA6, 0x87, 0x7E, 0xFF, 0x9E, 0x5D, 0x4C, 0xFF, 0x95, 0x5E, 0x50, 0xFF, 0x9D, 0x61, 0x50, 0xFF, 0x9F, 0x63, 0x52, 0xFF, 0xA3, 0x64, 0x52, 0xFF,
    0x97, 0x62, 0x54, 0xFF, 0xA8, 0x8F, 0x87, 0xFF, 0xA0, 0x67, 0x57, 0xFF, 0xA1, 0x62, 0x52, 0xFF, 0x9B, 0x60, 0x4F, 0xFF, 0x9C, 0x60, 0x4F, 0xFF,
    0x97, 0x5F, 0x50, 0xFF, 0x96, 0x5A, 0x49, 0xFF, 0xA6, 0x87, 0x7F, 0xFF, 0xA3, 0x77, 0x6B, 0xFF, 0x9D, 0x5E, 0x4D, 0xFF, 0x94, 0x5D, 0x4E, 0xFF,
    0xA0, 0x62, 0x51, 0xFF, 0x9E, 0x62, 0x52, 0xFF, 0xA2, 0x61, 0x50, 0xFF, 0x97, 0x6B, 0x5F, 0xFF, 0xAA, 0x90, 0x88, 0xFF, 0x9F, 0x60, 0x4F, 0xFF,
    0xA1, 0x64, 0x53, 0xFF, 0x9A, 0x60, 0x4F, 0xFF, 0x9B, 0x60, 0x50, 0xFF, 0x96, 0x5D, 0x4E, 0xFF, 0x98, 0x5D, 0x4D, 0xFF, 0xA8, 0x8D, 0x85, 0xFF,
    0xA1, 0x6F, 0x61, 0xFF, 0x9B, 0x5E, 0x4E, 0xFF, 0x95, 0x5E, 0x4E, 0xFF, 0xA0, 0x62, 0x51, 0xFF, 0xA0, 0x64, 0x53, 0xFF, 0x9E, 0x5D, 0x4C, 0xFF,
    0x9C, 0x79, 0x70, 0xFF, 0xA7, 0x84, 0x79, 0xFF, 0xA0, 0x5D, 0x4B, 0xFB, 0x96, 0x88, 0x84, 0xFF, 0x71, 0x7A, 0x7A, 0x77, 0x00, 0x00, 0x00, 0x00,
    0x7F, 0x7F, 0x7F, 0x04, 0x00, 0x00, 0x00, 0x00, 0x00, 0x00, 0x00, 0x00, 0x00, 0x00, 0x00, 0x00, 0x00, 0x00, 0x00, 0x00, 0x00, 0x00, 0x00, 0x00,
    0x00, 0x00, 0x00, 0x00, 0x00, 0x00, 0x00, 0x00, 0x00, 0x00, 0x00, 0x00, 0x00, 0x00, 0x00, 0x00, 0x00, 0x00, 0x00, 0x00, 0x00, 0x00, 0x00, 0x00,
    0x00, 0x00, 0x00, 0x00, 0x00, 0x00, 0x00, 0x00, 0x00, 0x00, 0x00, 0x00, 0x00, 0x00, 0x00, 0x00, 0x00, 0x00, 0x00, 0x00, 0x00, 0x00, 0x00, 0x00,
    0x00, 0x00, 0x00, 0x00, 0x7F, 0x7F, 0x7F, 0x04, 0x00, 0x00, 0x00, 0x00, 0x89, 0x8C, 0x8C, 0x50, 0x94, 0x8F, 0x8D, 0xFF, 0x9D, 0x6B, 0x5E, 0xFC,
    0x9D, 0x6A, 0x5C, 0xFF, 0xA6, 0x8F, 0x8A, 0xFF, 0x9F, 0x72, 0x65, 0xFF, 0xAD, 0x71, 0x61, 0xFE, 0x99, 0x72, 0x68, 0xFF, 0x79, 0x7A, 0x7A, 0xF0,
    0x7F, 0x7F, 0x7F, 0x18, 0x00, 0x00, 0x00, 0x00, 0x7F, 0x7F, 0x7F, 0x02, 0x00, 0x00, 0x00, 0x00, 0x01, 0x00, 0x00, 0x00, 0x99, 0x9F, 0xA0, 0xDB,
    0x86, 0x59, 0x4D, 0xFB, 0x97, 0x67, 0x59, 0xFA, 0xBB, 0x8D, 0x81, 0xFC, 0x95, 0x45, 0x30, 0xFC, 0x73, 0x3A, 0x2C, 0xFC, 0x6D, 0x36, 0x27, 0xFC,
    0x79, 0x3D, 0x2D, 0xFC, 0x7C, 0x3C, 0x2A, 0xFC, 0x84, 0x49, 0x38, 0xFC, 0xAC, 0x8D, 0x84, 0xFC, 0x97, 0x51, 0x3E, 0xFC, 0x82, 0x40, 0x2E, 0xFC,
    0x81, 0x42, 0x31, 0xFC, 0x82, 0x41, 0x30, 0xFC, 0x7E, 0x3F, 0x2F, 0xFC, 0x7E, 0x3A, 0x28, 0xFB, 0xA5, 0x83, 0x79, 0xFD, 0xB6, 0x78, 0x67, 0xFF,
    0x88, 0x42, 0x2F, 0xFF, 0x70, 0x3A, 0x2D, 0xFF, 0x6E, 0x39, 0x2B, 0xFF, 0x7C, 0x41, 0x31, 0xFF, 0x79, 0x3B, 0x2A, 0xFF, 0x8C, 0x5A, 0x4C, 0xFF,
    0xAE, 0x8D, 0x84, 0xFF, 0x90, 0x45, 0x32, 0xFC, 0x81, 0x41, 0x30, 0xFC, 0x82, 0x42, 0x31, 0xFC, 0x80, 0x40, 0x2F, 0xFC, 0x7D, 0x3F, 0x2E, 0xFC,
    0x81, 0x3F, 0x2D, 0xFC, 0xAD, 0x8D, 0x84, 0xFC, 0xB1, 0x6A, 0x57, 0xFC, 0x82, 0x3D, 0x2C, 0xFC, 0x70, 0x37, 0x29, 0xFC, 0x70, 0x37, 0x28, 0xFC,
    0x7D, 0x40, 0x2F, 0xFC, 0x79, 0x37, 0x25, 0xFC, 0x98, 0x6E, 0x63, 0xFC, 0xAA, 0x7D, 0x70, 0xFC, 0x8C, 0x3E, 0x2A, 0xF7, 0x86, 0x78, 0x75, 0xFB,
    0x6F, 0x76, 0x78, 0x7B, 0x00, 0x00, 0x00, 0x00, 0x7F, 0x7F, 0x7F, 0x04, 0x00, 0x00, 0x00, 0x00, 0x00, 0x00, 0x00, 0x00, 0x00, 0x00, 0x00, 0x00,
    0x00, 0x00, 0x00, 0x00, 0x00, 0x00, 0x00, 0x00, 0x00, 0x00, 0x00, 0x00, 0x00, 0x00, 0x00, 0x00, 0x00, 0x00, 0x00, 0x00, 0x00, 0x00, 0x00, 0x00,
    0x00, 0x00, 0x00, 0x00, 0x00, 0x00, 0x00, 0x00, 0x00, 0x00, 0x00, 0x00, 0x00, 0x00, 0x00, 0x00, 0x00, 0x00, 0x00, 0x00, 0x00, 0x00, 0x00, 0x00,
    0x00, 0x00, 0x00, 0x00, 0x00, 0x00, 0x00, 0x00, 0x00, 0x00, 0x00, 0x00, 0x7F, 0x7F, 0x7F, 0x04, 0x00, 0x00, 0x00, 0x00, 0x7C, 0x7F, 0x82, 0x50,
    0x85, 0x7F, 0x7D, 0xFF, 0x82, 0x44, 0x33, 0xFC, 0x76, 0x3C, 0x2C, 0xFF, 0xA2, 0x86, 0x80, 0xFF, 0x9B, 0x5B, 0x49, 0xFF, 0x87, 0x41, 0x2E, 0xFE,
    0x85, 0x56, 0x49, 0xFF, 0x81, 0x82, 0x83, 0xF0, 0x8A, 0x8A, 0x8A, 0x18, 0x00, 0x00, 0x00, 0x00, 0x7F, 0x7F, 0x7F, 0x02, 0x7F, 0x7F, 0x7F, 0x02,
    0x00, 0x00, 0x00, 0x00, 0x88, 0x8A, 0x8A, 0xC8, 0x85, 0x75, 0x71, 0xFF, 0x86, 0x77, 0x73, 0xFF, 0x9E, 0x8D, 0x88, 0xFF, 0x8C, 0x71, 0x69, 0xFF,
    0x81, 0x6C, 0x66, 0xFF, 0x80, 0x6B, 0x66, 0xFF, 0x82, 0x6C, 0x67, 0xFF, 0x85, 0x6F, 0x69, 0xFF, 0x86, 0x71, 0x6C, 0xFF, 0x97, 0x8C, 0x88, 0xFF,
    0x8B, 0x73, 0x6D, 0xFF, 0x85, 0x6C, 0x66, 0xFF, 0x76, 0x5E, 0x58, 0xFF, 0x81, 0x69, 0x63, 0xFF, 0x8E, 0x76, 0x70, 0xFF, 0x7E, 0x66, 0x60, 0xFF,
    0x8C, 0x82, 0x7F, 0xFF, 0x96, 0x7B, 0x73, 0xFF, 0x89, 0x54, 0x46, 0xFF, 0x7F, 0x51, 0x44, 0xFF, 0x78, 0x4A, 0x3E, 0xFF, 0x7F, 0x51, 0x45, 0xFF,
    0x7F, 0x4E, 0x42, 0xFF, 0x85, 0x61, 0x58, 0xFF, 0x91, 0x86, 0x83, 0xFF, 0x89, 0x6F, 0x67, 0xFF, 0x84, 0x6B, 0x65, 0xFF, 0x75, 0x5C, 0x56, 0xFF,
    0x85, 0x6E, 0x67, 0xFF, 0x8D, 0x74, 0x6E, 0xFF, 0x7D, 0x67, 0x62, 0xFF, 0x94, 0x89, 0x86, 0xFF, 0x99, 0x80, 0x79, 0xFF, 0x85, 0x6C, 0x66, 0xFF,
    0x81, 0x6B, 0x66, 0xFF, 0x7F, 0x6B, 0x65, 0xFF, 0x84, 0x6E, 0x69, 0xFF, 0x84, 0x6C, 0x66, 0xFF, 0x8F, 0x80, 0x7B, 0xFF, 0x94, 0x85, 0x80, 0xFF,
    0x87, 0x6C, 0x65, 0xFF, 0x7F, 0x79, 0x78, 0xFF, 0x62, 0x65, 0x68, 0x62, 0x00, 0x00, 0x00, 0x00, 0x3F, 0x3F, 0x3F, 0x04, 0x00, 0x00, 0x00, 0x00,
    0x00, 0x00, 0x00, 0x00, 0x00, 0x00, 0x00, 0x00, 0x00, 0x00, 0x00, 0x00, 0x00, 0x00, 0x00, 0x00, 0x00, 0x00, 0x00, 0x00, 0x00, 0x00, 0x00, 0x00,
    0x00, 0x00, 0x00, 0x00, 0x00, 0x00, 0x00, 0x00, 0x00, 0x00, 0x00, 0x00, 0x00, 0x00, 0x00, 0x00, 0x00, 0x00, 0x00, 0x00, 0x00, 0x00, 0x00, 0x00,
    0x00, 0x00, 0x00, 0x00, 0x00, 0x00, 0x00, 0x00, 0x00, 0x00, 0x00, 0x00, 0x00, 0x00, 0x00, 0x00, 0x00, 0x00, 0x00, 0x00, 0x7F, 0x7F, 0x7F, 0x04,
    0x00, 0x00, 0x00, 0x00, 0x6C, 0x6F, 0x72, 0x50, 0x74, 0x6F, 0x6E, 0xFF, 0x7A, 0x47, 0x39, 0xFC, 0x79, 0x46, 0x39, 0xFF, 0xA6, 0x8D, 0x88, 0xFF,
    0x9D, 0x63, 0x53, 0xFF, 0x7A, 0x43, 0x34, 0xFE, 0x7B, 0x55, 0x4B, 0xFF, 0x72, 0x73, 0x74, 0xF0, 0x74, 0x74, 0x74, 0x18, 0x00, 0x00, 0x00, 0x00,
    0xFF, 0xFF, 0xFF, 0x01, 0x7F, 0x7F, 0x7F, 0x02, 0x00, 0x00, 0x00, 0x00, 0x7A, 0x7A, 0x7A, 0x32, 0x7A, 0x7D, 0x7F, 0xA4, 0x80, 0x85, 0x85, 0xAC,
    0x7E, 0x83, 0x83, 0xAB, 0x7E, 0x84, 0x86, 0xAB, 0x7D, 0x81, 0x83, 0xAB, 0x7B, 0x80, 0x81, 0xAB, 0x7B, 0x80, 0x81, 0xAB, 0x7B, 0x81, 0x83, 0xAB,
    0x7A, 0x7E, 0x80, 0xAB, 0x7A, 0x7D, 0x7D, 0xAB, 0x80, 0x86, 0x87, 0xAB, 0x81, 0x87, 0x89, 0xAB, 0x62, 0x68, 0x69, 0xAB, 0x75, 0x7B, 0x7D, 0xAB,
    0x89, 0x8E, 0x90, 0xAD, 0x76, 0x7A, 0x7C, 0xA8, 0x80, 0x83, 0x85, 0xCB, 0x86, 0x84, 0x83, 0xFF, 0x9C, 0x7D, 0x74, 0xFE, 0x9F, 0x80, 0x77, 0xFF,
    0xA0, 0x8A, 0x84, 0xFF, 0xA0, 0x81, 0x78, 0xFF, 0xA4, 0x81, 0x77, 0xFF, 0x96, 0x80, 0x79, 0xFF, 0x77, 0x7A, 0x7B, 0xF5, 0x83, 0x87, 0x88, 0xAF,
    0x7E, 0x83, 0x84, 0xAB, 0x5D, 0x63, 0x64, 0xAC, 0x7E, 0x83, 0x86, 0xAB, 0x84, 0x8A, 0x8C, 0xAB, 0x78, 0x7D, 0x7E, 0xAB, 0x83, 0x84, 0x86, 0xAB,
    0x7D, 0x83, 0x84, 0xAB, 0x7E, 0x83, 0x84, 0xAB, 0x7B, 0x80, 0x81, 0xAB, 0x7B, 0x80, 0x81, 0xAB, 0x7B, 0x80, 0x81, 0xAB, 0x7B, 0x81, 0x83, 0xAB,
    0x7A, 0x7D, 0x7E, 0xAB, 0x7A, 0x7E, 0x7E, 0xAB, 0x86, 0x8C, 0x8E, 0xAC, 0x77, 0x79, 0x79, 0x86, 0x71, 0x55, 0x55, 0x09, 0x00, 0x00, 0x00, 0x00,
    0x00, 0x00, 0x00, 0x00, 0x00, 0x00, 0x00, 0x00, 0x00, 0x00, 0x00, 0x00, 0x00, 0x00, 0x00, 0x00, 0x00, 0x00, 0x00, 0x00, 0x00, 0x00, 0x00, 0x00,
    0x00, 0x00, 0x00, 0x00, 0x00, 0x00, 0x00, 0x00, 0x00, 0x00, 0x00, 0x00, 0x00, 0x00, 0x00, 0x00, 0x00, 0x00, 0x00, 0x00, 0x00, 0x00, 0x00, 0x00,
    0x00, 0x00, 0x00, 0x00, 0x00, 0x00, 0x00, 0x00, 0x00, 0x00, 0x00, 0x00, 0x00, 0x00, 0x00, 0x00, 0x00, 0x00, 0x00, 0x00, 0x00, 0x00, 0x00, 0x00,
    0x00, 0x00, 0x00, 0x00, 0x3F, 0x3F, 0x3F, 0x04, 0x00, 0x00, 0x00, 0x00, 0x62, 0x66, 0x66, 0x50, 0x71, 0x6E, 0x6D, 0xFF, 0x99, 0x7E, 0x75, 0xFC,
    0x9C, 0x7F, 0x76, 0xFF, 0xAE, 0x95, 0x8E, 0xFF, 0xA2, 0x84, 0x7C, 0xFF, 0x9E, 0x7E, 0x76, 0xFE, 0x8D, 0x78, 0x73, 0xFF, 0x66, 0x66, 0x66, 0xF0,
    0x5F, 0x5F, 0x6A, 0x18, 0x00, 0x00, 0x00, 0x00, 0xFF, 0xFF, 0xFF, 0x01, 0x00, 0x00, 0x00, 0x00, 0x00, 0x00, 0x00, 0x00, 0x00, 0x00, 0x00, 0x00,
    0x00, 0x00, 0x00, 0x00, 0x00, 0x00, 0x00, 0x00, 0x00, 0x00, 0x00, 0x00, 0x00, 0x00, 0x00, 0x00, 0x00, 0x00, 0x00, 0x00, 0x00, 0x00, 0x00, 0x00,
    0x00, 0x00, 0x00, 0x00, 0x00, 0x00, 0x00, 0x00, 0x00, 0x00, 0x00, 0x00, 0x00, 0x00, 0x00, 0x00, 0x00, 0x00, 0x00, 0x00, 0x00, 0x00, 0x00, 0x00,
    0x00, 0x00, 0x00, 0x00, 0x00, 0x00, 0x00, 0x00, 0x00, 0x00, 0x00, 0x00, 0x00, 0x00, 0x00, 0x00, 0x78, 0x7B, 0x7E, 0x57, 0x86, 0x7D, 0x7A, 0xFF,
    0x8D, 0x4C, 0x39, 0xFB, 0x92, 0x53, 0x42, 0xFF, 0xAC, 0x92, 0x8A, 0xFF, 0xA3, 0x5F, 0x4E, 0xFF, 0x9A, 0x50, 0x3C, 0xFE, 0x8E, 0x60, 0x55, 0xFF,
    0x78, 0x7B, 0x7C, 0xE4, 0xAA, 0x55, 0x00, 0x03, 0x00, 0x00, 0x00, 0x00, 0x00, 0x00, 0x00, 0x00, 0x00, 0x00, 0x00, 0x00, 0x00, 0x00, 0x00, 0x00,
    0x00, 0x00, 0x00, 0x00, 0x00, 0x00, 0x00, 0x00, 0x00, 0x00, 0x00, 0x00, 0x00, 0x00, 0x00, 0x00, 0x00, 0x00, 0x00, 0x00, 0x00, 0x00, 0x00, 0x00,
    0x00, 0x00, 0x00, 0x00, 0x00, 0x00, 0x00, 0x00, 0x00, 0x00, 0x00, 0x00, 0x00, 0x00, 0x00, 0x00, 0x00, 0x00, 0x00, 0x00, 0x00, 0x00, 0x00, 0x00,
    0x00, 0x00, 0x00, 0x00, 0x00, 0x00, 0x00, 0x00, 0x00, 0x00, 0x00, 0x00, 0x00, 0x00, 0x00, 0x00, 0x00, 0x00, 0x00, 0x00, 0x00, 0x00, 0x00, 0x00,
    0x00, 0x00, 0x00, 0x00, 0x00, 0x00, 0x00, 0x00, 0x00, 0x00, 0x00, 0x00, 0x00, 0x00, 0x00, 0x00, 0x00, 0x00, 0x00, 0x00, 0x00, 0x00, 0x00, 0x00,
    0x00, 0x00, 0x00, 0x00, 0x00, 0x00, 0x00, 0x00, 0x00, 0x00, 0x00, 0x00, 0x00, 0x00, 0x00, 0x00, 0x00, 0x00, 0x00, 0x00, 0x00, 0x00, 0x00, 0x00,
    0x00, 0x00, 0x00, 0x00, 0x00, 0x00, 0x00, 0x00, 0x00, 0x00, 0x00, 0x00, 0x7F, 0x7F, 0x7F, 0x04, 0x00, 0x00, 0x00, 0x00, 0x95, 0x9C, 0x9C, 0x50,
    0x99, 0x92, 0x90, 0xFF, 0x9A, 0x5C, 0x4B, 0xFC, 0x90, 0x56, 0x46, 0xFF, 0x9A, 0x5B, 0x4A, 0xFF, 0x9B, 0x5C, 0x4B, 0xFF, 0x9F, 0x5B, 0x49, 0xFE,
    0x91, 0x67, 0x5B, 0xFF, 0x8E, 0x90, 0x91, 0xF0, 0x8A, 0x8A, 0x7F, 0x18, 0x00, 0x00, 0x00, 0x00, 0xFF, 0xFF, 0xFF, 0x01, 0x00, 0x00, 0x00, 0x00,
    0x00, 0x00, 0x00, 0x00, 0x7F, 0x7F, 0x7F, 0x02, 0xAA, 0xAA, 0xAA, 0x03, 0x7F, 0x7F, 0x7F, 0x02, 0x55, 0x55, 0x55, 0x03, 0x55, 0x55, 0x55, 0x03,
    0x55, 0x55, 0x55, 0x03, 0x55, 0x55, 0x55, 0x03, 0x55, 0x55, 0x55, 0x03, 0x55, 0x55, 0x55, 0x03, 0x55, 0x55, 0x55, 0x03, 0x55, 0x55, 0x55, 0x03,
    0x55, 0x55, 0x55, 0x03, 0x55, 0x55, 0x55, 0x03, 0x55, 0x55, 0x55, 0x03, 0x55, 0x55, 0x55, 0x03, 0x6D, 0x6D, 0x6D, 0x07, 0x55, 0x55, 0x55, 0x03,
    0x7B, 0x80, 0x80, 0x61, 0x81, 0x79, 0x77, 0xFF, 0x6D, 0x36, 0x27, 0xFB, 0x77, 0x40, 0x32, 0xFF, 0xAC, 0x90, 0x88, 0xFF, 0x9D, 0x5A, 0x47, 0xFF,
    0x72, 0x37, 0x27, 0xFE, 0x78, 0x50, 0x46, 0xFF, 0x76, 0x79, 0x7B, 0xE6, 0x71, 0x63, 0x63, 0x12, 0x55, 0x55, 0x55, 0x03, 0x3F, 0x3F, 0x3F, 0x04,
    0x55, 0x55, 0x55, 0x03, 0x55, 0x55, 0x55, 0x03, 0x55, 0x55, 0x55, 0x03, 0x55, 0x55, 0x55, 0x03, 0x55, 0x55, 0x55, 0x03, 0x55, 0x55, 0x55, 0x03,
    0x55, 0x55, 0x55, 0x03, 0x55, 0x55, 0x55, 0x03, 0x55, 0x55, 0x55, 0x03, 0x55, 0x55, 0x55, 0x03, 0x55, 0x55, 0x55, 0x03, 0x55, 0x55, 0x55, 0x03,
    0x55, 0x55, 0x55, 0x03, 0x7F, 0x7F, 0x7F, 0x04, 0x00, 0x00, 0x00, 0x01, 0x00, 0x00, 0x00, 0x00, 0x00, 0x00, 0x00, 0x00, 0x00, 0x00, 0x00, 0x00,
    0x00, 0x00, 0x00, 0x00, 0x00, 0x00, 0x00, 0x00, 0x00, 0x00, 0x00, 0x00, 0x00, 0x00, 0x00, 0x00, 0x00, 0x00, 0x00, 0x00, 0x00, 0x00, 0x00, 0x00,
    0x00, 0x00, 0x00, 0x00, 0x00, 0x00, 0x00, 0x00, 0x00, 0x00, 0x00, 0x00, 0x00, 0x00, 0x00, 0x00, 0x00, 0x00, 0x00, 0x00, 0x00, 0x00, 0x00, 0x00,
    0x00, 0x00, 0x00, 0x00, 0x00, 0x00, 0x00, 0x00, 0x00, 0x00, 0x00, 0x00, 0x00, 0x00, 0x00, 0x00, 0x00, 0x00, 0x00, 0x00, 0x7F, 0x7F, 0x7F, 0x04,
    0x00, 0x00, 0x00, 0x00, 0x82, 0x89, 0x89, 0x50, 0x90, 0x87, 0x84, 0xFF, 0x88, 0x46, 0x35, 0xFC, 0x70, 0x39, 0x2B, 0xFF, 0x6B, 0x37, 0x2A, 0xFF,
    0x79, 0x3F, 0x30, 0xFF, 0x78, 0x3C, 0x2A, 0xFE, 0x81, 0x53, 0x47, 0xFF, 0x7D, 0x7E, 0x7F, 0xF0, 0x7F, 0x7F, 0x7F, 0x18, 0x00, 0x00, 0x00, 0x00,
    0xFF, 0xFF, 0xFF, 0x01, 0x00, 0x00, 0x00, 0x00, 0x00, 0x00, 0x00, 0x00, 0x00, 0x00, 0x00, 0x00, 0x00, 0x00, 0x00, 0x00, 0x00, 0x00, 0x00, 0x00,
    0x00, 0x00, 0x00, 0x00, 0x00, 0x00, 0x00, 0x00, 0x00, 0x00, 0x00, 0x00, 0x00, 0x00, 0x00, 0x00, 0x00, 0x00, 0x00, 0x00, 0x00, 0x00, 0x00, 0x00,
    0x00, 0x00, 0x00, 0x00, 0x00, 0x00, 0x00, 0x00, 0x00, 0x00, 0x00, 0x00, 0x00, 0x00, 0x00, 0x00, 0x00, 0x00, 0x00, 0x00, 0x00, 0x00, 0x00, 0x00,
    0x7F, 0x7F, 0x7F, 0x04, 0x00, 0x00, 0x00, 0x00, 0x63, 0x66, 0x66, 0x5F, 0x70, 0x6B, 0x6A, 0xFF, 0x81, 0x5F, 0x57, 0xFB, 0x89, 0x67, 0x5E, 0xFF,
    0xAF, 0x9B, 0x95, 0xFF, 0xA1, 0x77, 0x6A, 0xFF, 0x87, 0x62, 0x58, 0xFE, 0x83, 0x69, 0x62, 0xFF, 0x5D, 0x5F, 0x60, 0xE6, 0x66, 0x66, 0x66, 0x0F,
    0x00, 0x00, 0x00, 0x00, 0x00, 0x00, 0x00, 0x01, 0x00, 0x00, 0x00, 0x00, 0x00, 0x00, 0x00, 0x00, 0x00, 0x00, 0x00, 0x00, 0x00, 0x00, 0x00, 0x00,
    0x00, 0x00, 0x00, 0x00, 0x00, 0x00, 0x00, 0x00, 0x00, 0x00, 0x00, 0x00, 0x00, 0x00, 0x00, 0x00, 0x00, 0x00, 0x00, 0x00, 0x00, 0x00, 0x00, 0x00,
    0x00, 0x00, 0x00, 0x00, 0x00, 0x00, 0x00, 0x00, 0x00, 0x00, 0x00, 0x00, 0x00, 0x00, 0x00, 0x00, 0x00, 0x00, 0x00, 0x00, 0x00, 0x00, 0x00, 0x00,
    0x00, 0x00, 0x00, 0x00, 0x00, 0x00, 0x00, 0x00, 0x00, 0x00, 0x00, 0x00, 0x00, 0x00, 0x00, 0x00, 0x00, 0x00, 0x00, 0x00, 0x00, 0x00, 0x00, 0x00,
    0x00, 0x00, 0x00, 0x00, 0x00, 0x00, 0x00, 0x00, 0x00, 0x00, 0x00, 0x00, 0x00, 0x00, 0x00, 0x00, 0x00, 0x00, 0x00, 0x00, 0x00, 0x00, 0x00, 0x00,
    0x00, 0x00, 0x00, 0x00, 0x00, 0x00, 0x00, 0x00, 0x00, 0x00, 0x00, 0x00, 0x00, 0x00, 0x00, 0x00, 0x00, 0x00, 0x00, 0x00, 0x00, 0x00, 0x00, 0x00,
    0x00, 0x00, 0x00, 0x00, 0x7F, 0x7F, 0x7F, 0x04, 0x00, 0x00, 0x00, 0x00, 0x79, 0x7C, 0x7F, 0x50, 0x8D, 0x88, 0x86, 0xFF, 0x8C, 0x5F, 0x52, 0xFC,
    0x84, 0x59, 0x4D, 0xFF, 0x7D, 0x52, 0x47, 0xFF, 0x83, 0x59, 0x4D, 0xFF, 0x84, 0x58, 0x4B, 0xFE, 0x85, 0x64, 0x5C, 0xFF, 0x7F, 0x80, 0x80, 0xF0,
    0x7F, 0x7F, 0x7F, 0x18, 0x00, 0x00, 0x00, 0x00, 0xFF, 0xFF, 0xFF, 0x01, 0x00, 0x00, 0x00, 0x00, 0x00, 0x00, 0x00, 0x00, 0x00, 0x00, 0x00, 0x00,
    0x00, 0x00, 0x00, 0x00, 0x00, 0x00, 0x00, 0x00, 0x00, 0x00, 0x00, 0x00, 0x00, 0x00, 0x00, 0x00, 0x00, 0x00, 0x00, 0x00, 0x00, 0x00, 0x00, 0x00,
    0x00, 0x00, 0x00, 0x00, 0x00, 0x00, 0x00, 0x00, 0x00, 0x00, 0x00, 0x00, 0x00, 0x00, 0x00, 0x00, 0x00, 0x00, 0x00, 0x00, 0x00, 0x00, 0x00, 0x00,
    0x00, 0x00, 0x00, 0x00, 0x00, 0x00, 0x00, 0x00, 0x7F, 0x7F, 0x7F, 0x04, 0x00, 0x00, 0x00, 0x00, 0x78, 0x7E, 0x7E, 0x5F, 0x8A, 0x84, 0x83, 0xFF,
    0xA2, 0x75, 0x68, 0xFB, 0xA6, 0x78, 0x6B, 0xFF, 0xB1, 0x80, 0x72, 0xFF, 0xA0, 0x75, 0x69, 0xFF, 0xA2, 0x73, 0x66, 0xFE, 0x97, 0x78, 0x71, 0xFF,
    0x78, 0x7B, 0x7B, 0xE6, 0x88, 0x88, 0x88, 0x0F, 0x00, 0x00, 0x00, 0x00, 0xFF, 0xFF, 0xFF, 0x01, 0x00, 0x00, 0x00, 0x00, 0x00, 0x00, 0x00, 0x00,
    0x00, 0x00, 0x00, 0x00, 0x00, 0x00, 0x00, 0x00, 0x00, 0x00, 0x00, 0x00, 0x00, 0x00, 0x00, 0x00, 0x00, 0x00, 0x00, 0x00, 0x00, 0x00, 0x00, 0x00,
    0x00, 0x00, 0x00, 0x00, 0x00, 0x00, 0x00, 0x00, 0x00, 0x00, 0x00, 0x00, 0x00, 0x00, 0x00, 0x00, 0x00, 0x00, 0x00, 0x00, 0x00, 0x00, 0x00, 0x00,
    0x00, 0x00, 0x00, 0x00, 0x00, 0x00, 0x00, 0x00, 0x00, 0x00, 0x00, 0x00, 0x00, 0x00, 0x00, 0x00, 0x00, 0x00, 0x00, 0x00, 0x00, 0x00, 0x00, 0x00,
    0x00, 0x00, 0x00, 0x00, 0x00, 0x00, 0x00, 0x00, 0x00, 0x00, 0x00, 0x00, 0x00, 0x00, 0x00, 0x00, 0x00, 0x00, 0x00, 0x00, 0x00, 0x00, 0x00, 0x00,
    0x00, 0x00, 0x00, 0x00, 0x00, 0x00, 0x00, 0x00, 0x00, 0x00, 0x00, 0x00, 0x00, 0x00, 0x00, 0x00, 0x00, 0x00, 0x00, 0x00, 0x00, 0x00, 0x00, 0x00,
    0x00, 0x00, 0x00, 0x00, 0x00, 0x00, 0x00, 0x00, 0x00, 0x00, 0x00, 0x00, 0x7F, 0x7F, 0x7F, 0x04, 0x00, 0x00, 0x00, 0x00, 0x7F, 0x85, 0x85, 0x50,
    0x8B, 0x87, 0x86, 0xFF, 0x9B, 0x79, 0x6F, 0xFC, 0xA0, 0x7C, 0x71, 0xFF, 0xA2, 0x8E, 0x87, 0xFF, 0xA2, 0x80, 0x76, 0xFF, 0xA6, 0x7E, 0x72, 0xFE,
    0x9B, 0x7F, 0x77, 0xFF, 0x7A, 0x7A, 0x7B, 0xF0, 0x7F, 0x7F, 0x7F, 0x18, 0x00, 0x00, 0x00, 0x00, 0xFF, 0xFF, 0xFF, 0x01, 0x00, 0x00, 0x00, 0x00,
    0x00, 0x00, 0x00, 0x00, 0x00, 0x00, 0x00, 0x00, 0x00, 0x00, 0x00, 0x00, 0x00, 0x00, 0x00, 0x00, 0x00, 0x00, 0x00, 0x00, 0x00, 0x00, 0x00, 0x00,
    0x00, 0x00, 0x00, 0x00, 0x00, 0x00, 0x00, 0x00, 0x00, 0x00, 0x00, 0x00, 0x00, 0x00, 0x00, 0x00, 0x00, 0x00, 0x00, 0x00, 0x00, 0x00, 0x00, 0x00,
    0x00, 0x00, 0x00, 0x00, 0x00, 0x00, 0x00, 0x00, 0x00, 0x00, 0x00, 0x00, 0x00, 0x00, 0x00, 0x00, 0x7F, 0x7F, 0x7F, 0x04, 0x00, 0x00, 0x00, 0x00,
    0x83, 0x8B, 0x8E, 0x5F, 0x97, 0x8C, 0x89, 0xFF, 0x8B, 0x48, 0x35, 0xFB, 0x8C, 0x4A, 0x38, 0xFF, 0x92, 0x4E, 0x3B, 0xFF, 0x92, 0x4E, 0x3B, 0xFF,
    0x8E, 0x47, 0x33, 0xFE, 0x8A, 0x5E, 0x53, 0xFF, 0x88, 0x8B, 0x8C, 0xE6, 0x88, 0x77, 0x77, 0x0F, 0x00, 0x00, 0x00, 0x00, 0xFF, 0xFF, 0xFF, 0x01,
    0x00, 0x00, 0x00, 0x00, 0x00, 0x00, 0x00, 0x00, 0x00, 0x00, 0x00, 0x00, 0x00, 0x00, 0x00, 0x00, 0x00, 0x00, 0x00, 0x00, 0x00, 0x00, 0x00, 0x00,
    0x00, 0x00, 0x00, 0x00, 0x00, 0x00, 0x00, 0x00, 0x00, 0x00, 0x00, 0x00, 0x00, 0x00, 0x00, 0x00, 0x00, 0x00, 0x00, 0x00, 0x00, 0x00, 0x00, 0x00,
    0x00, 0x00, 0x00, 0x00, 0x00, 0x00, 0x00, 0x00, 0x00, 0x00, 0x00, 0x00, 0x00, 0x00, 0x00, 0x00, 0x00, 0x00, 0x00, 0x00, 0x00, 0x00, 0x00, 0x00,
    0x00, 0x00, 0x00, 0x00, 0x00, 0x00, 0x00, 0x00, 0x00, 0x00, 0x00, 0x00, 0x00, 0x00, 0x00, 0x00, 0x00, 0x00, 0x00, 0x00, 0x00, 0x00, 0x00, 0x00,
    0x00, 0x00, 0x00, 0x00, 0x00, 0x00, 0x00, 0x00, 0x00, 0x00, 0x00, 0x00, 0x00, 0x00, 0x00, 0x00, 0x00, 0x00, 0x00, 0x00, 0x00, 0x00, 0x00, 0x00,
    0x00, 0x00, 0x00, 0x00, 0x00, 0x00, 0x00, 0x00, 0x00, 0x00, 0x00, 0x00, 0x00, 0x00, 0x00, 0x00, 0x00, 0x00, 0x00, 0x00, 0x7F, 0x7F, 0x7F, 0x04,
    0x00, 0x00, 0x00, 0x00, 0x75, 0x7C, 0x7C, 0x50, 0x83, 0x7D, 0x7B, 0xFF, 0x89, 0x4A, 0x39, 0xFC, 0x8D, 0x4C, 0x3B, 0xFF, 0xAA, 0x90, 0x87, 0xFF,
    0xA2, 0x61, 0x4F, 0xFF, 0x95, 0x4B, 0x38, 0xFE, 0x8A, 0x59, 0x4D, 0xFF, 0x79, 0x7B, 0x7C, 0xF0, 0x7F, 0x7F, 0x7F, 0x18, 0x00, 0x00, 0x00, 0x00,
    0xFF, 0xFF, 0xFF, 0x01, 0x00, 0x00, 0x00, 0x00, 0x00, 0x00, 0x00, 0x00, 0x00, 0x00, 0x00, 0x00, 0x00, 0x00, 0x00, 0x00, 0x00, 0x00, 0x00, 0x00,
    0x00, 0x00, 0x00, 0x00, 0x00, 0x00, 0x00, 0x00, 0x00, 0x00, 0x00, 0x00, 0x00, 0x00, 0x00, 0x00, 0x00, 0x00, 0x00, 0x00, 0x00, 0x00, 0x00, 0x00,
    0x00, 0x00, 0x00, 0x00, 0x00, 0x00, 0x00, 0x00, 0x00, 0x00, 0x00, 0x00, 0x00, 0x00, 0x00, 0x00, 0x00, 0x00, 0x00, 0x00, 0x00, 0x00, 0x00, 0x00,
    0x7F, 0x7F, 0x7F, 0x04, 0x00, 0x00, 0x00, 0x00, 0x68, 0x70, 0x73, 0x5F, 0x82, 0x78, 0x75, 0xFF, 0x81, 0x46, 0x35, 0xFB, 0x67, 0x38, 0x2C, 0xFF,
    0x74, 0x40, 0x32, 0xFF, 0x74, 0x40, 0x33, 0xFF, 0x7F, 0x43, 0x31, 0xFE, 0x7D, 0x57, 0x4E, 0xFF, 0x7D, 0x80, 0x80, 0xE6, 0x77, 0x66, 0x66, 0x0F,
    0x00, 0x00, 0x00, 0x00, 0xFF, 0xFF, 0xFF, 0x01, 0x00, 0x00, 0x00, 0x00, 0x00, 0x00, 0x00, 0x00, 0x00, 0x00, 0x00, 0x00, 0x00, 0x00, 0x00, 0x00,
    0x00, 0x00, 0x00, 0x00, 0x00, 0x00, 0x00, 0x00, 0x00, 0x00, 0x00, 0x00, 0x00, 0x00, 0x00, 0x00, 0x00, 0x00, 0x00, 0x00, 0x00, 0x00, 0x00, 0x00,
    0x00, 0x00, 0x00, 0x00, 0x00, 0x00, 0x00, 0x00, 0x00, 0x00, 0x00, 0x00, 0x00, 0x00, 0x00, 0x00, 0x00, 0x00, 0x00, 0x00, 0x00, 0x00, 0x00, 0x00,
    0x00, 0x00, 0x00, 0x00, 0x00, 0x00, 0x00, 0x00, 0x00, 0x00, 0x00, 0x00, 0x00, 0x00, 0x00, 0x00, 0x00, 0x00, 0x00, 0x00, 0x00, 0x00, 0x00, 0x00,
    0x00, 0x00, 0x00, 0x00, 0x00, 0x00, 0x00, 0x00, 0x00, 0x00, 0x00, 0x00, 0x00, 0x00, 0x00, 0x00, 0x00, 0x00, 0x00, 0x00, 0x00, 0x00, 0x00, 0x00,
    0x00, 0x00, 0x00, 0x00, 0x00, 0x00, 0x00, 0x00, 0x00, 0x00, 0x00, 0x00, 0x00, 0x00, 0x00, 0x00, 0x00, 0x00, 0x00, 0x00, 0x00, 0x00, 0x00, 0x00,
    0x00, 0x00, 0x00, 0x00, 0x7F, 0x7F, 0x7F, 0x04, 0x00, 0x00, 0x00, 0x00, 0x79, 0x7C, 0x7F, 0x50, 0x80, 0x7A, 0x79, 0xFF, 0x6B, 0x38, 0x2A, 0xFC,
    0x73, 0x3C, 0x2E, 0xFF, 0xAA, 0x8F, 0x86, 0xFF, 0xA1, 0x60, 0x4C, 0xFF, 0x72, 0x37, 0x27, 0xFE, 0x77, 0x4C, 0x41, 0xFF, 0x74, 0x75, 0x77, 0xF0,
    0x74, 0x74, 0x74, 0x18, 0x00, 0x00, 0x00, 0x00, 0xFF, 0xFF, 0xFF, 0x01, 0x00, 0x00, 0x00, 0x00, 0x00, 0x00, 0x00, 0x00, 0x00, 0x00, 0x00, 0x00,
    0x00, 0x00, 0x00, 0x00, 0x00, 0x00, 0x00, 0x00, 0x00, 0x00, 0x00, 0x00, 0x00, 0x00, 0x00, 0x00, 0x00, 0x00, 0x00, 0x00, 0x00, 0x00, 0x00, 0x00,
    0x00, 0x00, 0x00, 0x00, 0x00, 0x00, 0x00, 0x00, 0x00, 0x00, 0x00, 0x00, 0x00, 0x00, 0x00, 0x00, 0x00, 0x00, 0x00, 0x00, 0x00, 0x00, 0x00, 0x00,
    0x00, 0x00, 0x00, 0x00, 0x00, 0x00, 0x00, 0x00, 0x7F, 0x7F, 0x7F, 0x04, 0x00, 0x00, 0x00, 0x00, 0x80, 0x83, 0x86, 0x5F, 0x91, 0x8C, 0x8B, 0xFF,
    0x98, 0x79, 0x70, 0xFB, 0x8F, 0x75, 0x6D, 0xFF, 0x94, 0x78, 0x6F, 0xFF, 0x91, 0x76, 0x6F, 0xFF, 0x97, 0x79, 0x6F, 0xFE, 0x8E, 0x7B, 0x75, 0xFF,
    0x76, 0x77, 0x78, 0xE6, 0x88, 0x88, 0x88, 0x0F, 0x00, 0x00, 0x00, 0x00, 0xFF, 0xFF, 0xFF, 0x01, 0x00, 0x00, 0x00, 0x00, 0x00, 0x00, 0x00, 0x00,
    0x00, 0x00, 0x00, 0x00, 0x00, 0x00, 0x00, 0x00, 0x00, 0x00, 0x00, 0x00, 0x00, 0x00, 0x00, 0x00, 0x00, 0x00, 0x00, 0x00, 0x00, 0x00, 0x00, 0x00,
    0x00, 0x00, 0x00, 0x00, 0x00, 0x00, 0x00, 0x00, 0x00, 0x00, 0x00, 0x00, 0x00, 0x00, 0x00, 0x00, 0x00, 0x00, 0x00, 0x00, 0x00, 0x00, 0x00, 0x00,
    0x00, 0x00, 0x00, 0x00, 0x00, 0x00, 0x00, 0x00, 0x00, 0x00, 0x00, 0x00, 0x00, 0x00, 0x00, 0x00, 0x00, 0x00, 0x00, 0x00, 0x00, 0x00, 0x00, 0x00,
    0x00, 0x00, 0x00, 0x00, 0x00, 0x00, 0x00, 0x00, 0x00, 0x00, 0x00, 0x00, 0x00, 0x00, 0x00, 0x00, 0x00, 0x00, 0x00, 0x00, 0x00, 0x00, 0x00, 0x00,
    0x00, 0x00, 0x00, 0x00, 0x00, 0x00, 0x00, 0x00, 0x00, 0x00, 0x00, 0x00, 0x00, 0x00, 0x00, 0x00, 0x00, 0x00, 0x00, 0x00, 0x00, 0x00, 0x00, 0x00,
    0x00, 0x00, 0x00, 0x00, 0x00, 0x00, 0x00, 0x00, 0x00, 0x00, 0x00, 0x00, 0x3F, 0x3F, 0x3F, 0x04, 0x00, 0x00, 0x00, 0x00, 0x5F, 0x62, 0x62, 0x50,
    0x6C, 0x69, 0x68, 0xFF, 0x86, 0x6A, 0x62, 0xFC, 0x8C, 0x6D, 0x65, 0xFF, 0xAD, 0x9B, 0x95, 0xFF, 0xA3, 0x7F, 0x74, 0xFF, 0x8C, 0x6B, 0x62, 0xFE,
    0x87, 0x6E, 0x67, 0xFF, 0x5E, 0x5E, 0x5F, 0xF0, 0x6A, 0x5F, 0x5F, 0x18, 0x00, 0x00, 0x00, 0x00, 0xFF, 0xFF, 0xFF, 0x01, 0x00, 0x00, 0x00, 0x00,
    0x00, 0x00, 0x00, 0x00, 0x00, 0x00, 0x00, 0x00, 0x00, 0x00, 0x00, 0x00, 0x00, 0x00, 0x00, 0x00, 0x00, 0x00, 0x00, 0x00, 0x00, 0x00, 0x00, 0x00,
    0x00, 0x00, 0x00, 0x00, 0x00, 0x00, 0x00, 0x00, 0x00, 0x00, 0x00, 0x00, 0x00, 0x00, 0x00, 0x00, 0x00, 0x00, 0x00, 0x00, 0x00, 0x00, 0x00, 0x00,
    0x00, 0x00, 0x00, 0x00, 0x00, 0x00, 0x00, 0x00, 0x00, 0x00, 0x00, 0x00, 0x00, 0x00, 0x00, 0x00, 0x7F, 0x7F, 0x7F, 0x04, 0x00, 0x00, 0x00, 0x00,
    0x86, 0x8E, 0x8E, 0x5F, 0x95, 0x8D, 0x8A, 0xFF, 0x9C, 0x61, 0x52, 0xFB, 0x99, 0x63, 0x53, 0xFF, 0xA6, 0x8E, 0x88, 0xFF, 0x9D, 0x68, 0x5A, 0xFF,
    0xAC, 0x68, 0x56, 0xFE, 0x96, 0x6E, 0x63, 0xFF, 0x79, 0x7D, 0x7E, 0xE6, 0x77, 0x77, 0x77, 0x0F, 0x00, 0x00, 0x00, 0x00, 0xFF, 0xFF, 0xFF, 0x01,
    0x00, 0x00, 0x00, 0x00, 0x00, 0x00, 0x00, 0x00, 0x00, 0x00, 0x00, 0x00, 0x00, 0x00, 0x00, 0x00, 0x00, 0x00, 0x00, 0x00, 0x00, 0x00, 0x00, 0x00,
    0x00, 0x00, 0x00, 0x00, 0x00, 0x00, 0x00, 0x00, 0x00, 0x00, 0x00, 0x00, 0x00, 0x00, 0x00, 0x00, 0x00, 0x00, 0x00, 0x00, 0x00, 0x00, 0x00, 0x00,
    0x00, 0x00, 0x00, 0x00, 0x00, 0x00, 0x00, 0x00, 0x00, 0x00, 0x00, 0x00, 0x00, 0x00, 0x00, 0x00, 0x00, 0x00, 0x00, 0x00, 0x00, 0x00, 0x00, 0x00,
    0x00, 0x00, 0x00, 0x00, 0x00, 0x00, 0x00, 0x00, 0x00, 0x00, 0x00, 0x00, 0x00, 0x00, 0x00, 0x00, 0x00, 0x00, 0x00, 0x00, 0x00, 0x00, 0x00, 0x00,
    0x00, 0x00, 0x00, 0x00, 0x00, 0x00, 0x00, 0x00, 0x00, 0x00, 0x00, 0x00, 0x00, 0x00, 0x00, 0x00, 0x00, 0x00, 0x00, 0x00, 0x00, 0x00, 0x00, 0x00,
    0x00, 0x00, 0x00, 0x00, 0x00, 0x00, 0x00, 0x00, 0x00, 0x00, 0x00, 0x00, 0x00, 0x00, 0x00, 0x00, 0x00, 0x00, 0x00, 0x00, 0x7F, 0x7F, 0x7F, 0x04,
    0x00, 0x00, 0x00, 0x00, 0x7F, 0x82, 0x82, 0x50, 0x8E, 0x89, 0x88, 0xFF, 0x9F, 0x6F, 0x62, 0xFC, 0xA6, 0x72, 0x63, 0xFF, 0xB1, 0x79, 0x69, 0xFF,
    0xA1, 0x70, 0x62, 0xFF, 0xA0, 0x6D, 0x5E, 0xFE, 0x9A, 0x75, 0x6B, 0xFF, 0x7E, 0x7F, 0x80, 0xF0, 0x8A, 0x8A, 0x7F, 0x18, 0x00, 0x00, 0x00, 0x00,
    0xFF, 0xFF, 0xFF, 0x01, 0x00, 0x00, 0x00, 0x00, 0x00, 0x00, 0x00, 0x00, 0x00, 0x00, 0x00, 0x00, 0x00, 0x00, 0x00, 0x00, 0x00, 0x00, 0x00, 0x00,
    0x00, 0x00, 0x00, 0x00, 0x00, 0x00, 0x00, 0x00, 0x00, 0x00, 0x00, 0x00, 0x00, 0x00, 0x00, 0x00, 0x00, 0x00, 0x00, 0x00, 0x00, 0x00, 0x00, 0x00,
    0x00, 0x00, 0x00, 0x00, 0x00, 0x00, 0x00, 0x00, 0x00, 0x00, 0x00, 0x00, 0x00, 0x00, 0x00, 0x00, 0x00, 0x00, 0x00, 0x00, 0x00, 0x00, 0x00, 0x00,
    0x7F, 0x7F, 0x7F, 0x04, 0x00, 0x00, 0x00, 0x00, 0x7B, 0x80, 0x83, 0x5F, 0x84, 0x7B, 0x79, 0xFF, 0x7E, 0x40, 0x2E, 0xFB, 0x73, 0x3E, 0x2F, 0xFF,
    0xA4, 0x89, 0x82, 0xFF, 0x99, 0x56, 0x44, 0xFF, 0x7F, 0x3D, 0x2C, 0xFE, 0x82, 0x59, 0x4D, 0xFF, 0x80, 0x83, 0x85, 0xE6, 0x88, 0x77, 0x77, 0x0F,
    0x00, 0x00, 0x00, 0x00, 0xFF, 0xFF, 0xFF, 0x01, 0x00, 0x00, 0x00, 0x00, 0x00, 0x00, 0x00, 0x00, 0x00, 0x00, 0x00, 0x00, 0x00, 0x00, 0x00, 0x00,
    0x00, 0x00, 0x00, 0x00, 0x00, 0x00, 0x00, 0x00, 0x00, 0x00, 0x00, 0x00, 0x00, 0x00, 0x00, 0x00, 0x00, 0x00, 0x00, 0x00, 0x00, 0x00, 0x00, 0x00,
    0x00, 0x00, 0x00, 0x00, 0x00, 0x00, 0x00, 0x00, 0x00, 0x00, 0x00, 0x00, 0x00, 0x00, 0x00, 0x00, 0x00, 0x00, 0x00, 0x00, 0x00, 0x00, 0x00, 0x00,
    0x00, 0x00, 0x00, 0x00, 0x00, 0x00, 0x00, 0x00, 0x00, 0x00, 0x00, 0x00, 0x00, 0x00, 0x00, 0x00, 0x00, 0x00, 0x00, 0x00, 0x00, 0x00, 0x00, 0x00,
    0x00, 0x00, 0x00, 0x00, 0x00, 0x00, 0x00, 0x00, 0x00, 0x00, 0x00, 0x00, 0x00, 0x00, 0x00, 0x00, 0x00, 0x00, 0x00, 0x00, 0x00, 0x00, 0x00, 0x00,
    0x00, 0x00, 0x00, 0x00, 0x00, 0x00, 0x00, 0x00, 0x00, 0x00, 0x00, 0x00, 0x00, 0x00, 0x00, 0x00, 0x00, 0x00, 0x00, 0x00, 0x00, 0x00, 0x00, 0x00,
    0x00, 0x00, 0x00, 0x00, 0x7F, 0x7F, 0x7F, 0x04, 0x00, 0x00, 0x00, 0x00, 0x7C, 0x82, 0x85, 0x50, 0x92, 0x8A, 0x88, 0xFF, 0x88, 0x48, 0x37, 0xFC,
    0x86, 0x46, 0x35, 0xFF, 0x8B, 0x4A, 0x38, 0xFF, 0x8F, 0x4B, 0x3A, 0xFF, 0x8C, 0x46, 0x32, 0xFE, 0x86, 0x57, 0x4B, 0xFF, 0x85, 0x88, 0x89, 0xF0,
    0x8A, 0x7F, 0x7F, 0x18, 0x00, 0x00, 0x00, 0x00, 0xFF, 0xFF, 0xFF, 0x01, 0x00, 0x00, 0x00, 0x00, 0x00, 0x00, 0x00, 0x00, 0x00, 0x00, 0x00, 0x00,
    0x00, 0x00, 0x00, 0x00, 0x00, 0x00, 0x00, 0x00, 0x00, 0x00, 0x00, 0x00, 0x00, 0x00, 0x00, 0x00, 0x00, 0x00, 0x00, 0x00, 0x00, 0x00, 0x00, 0x00,
    0x00, 0x00, 0x00, 0x00, 0x00, 0x00, 0x00, 0x00, 0x00, 0x00, 0x00, 0x00, 0x00, 0x00, 0x00, 0x00, 0x00, 0x00, 0x00, 0x00, 0x00, 0x00, 0x00, 0x00,
    0x00, 0x00, 0x00, 0x00, 0x00, 0x00, 0x00, 0x00, 0x7F, 0x7F, 0x7F, 0x04, 0x00, 0x00, 0x00, 0x00, 0x68, 0x6E, 0x6E, 0x5F, 0x73, 0x6C, 0x6A, 0xFF,
    0x7E, 0x4E, 0x41, 0xFB, 0x80, 0x52, 0x45, 0xFF, 0xAA, 0x93, 0x8D, 0xFF, 0x9B, 0x63, 0x54, 0xFF, 0x7E, 0x4B, 0x3D, 0xFE, 0x7D, 0x5C, 0x53, 0xFF,
    0x6D, 0x6E, 0x6F, 0xE6, 0x66, 0x66, 0x66, 0x0F, 0x00, 0x00, 0x00, 0x00, 0x00, 0x00, 0x00, 0x01, 0x00, 0x00, 0x00, 0x00, 0x00, 0x00, 0x00, 0x00,
    0x00, 0x00, 0x00, 0x00, 0x00, 0x00, 0x00, 0x00, 0x00, 0x00, 0x00, 0x00, 0x00, 0x00, 0x00, 0x00, 0x00, 0x00, 0x00, 0x00, 0x00, 0x00, 0x00, 0x00,
    0x00, 0x00, 0x00, 0x00, 0x00, 0x00, 0x00, 0x00, 0x00, 0x00, 0x00, 0x00, 0x00, 0x00, 0x00, 0x00, 0x00, 0x00, 0x00, 0x00, 0x00, 0x00, 0x00, 0x00,
    0x00, 0x00, 0x00, 0x00, 0x00, 0x00, 0x00, 0x00, 0x00, 0x00, 0x00, 0x00, 0x00, 0x00, 0x00, 0x00, 0x00, 0x00, 0x00, 0x00, 0x00, 0x00, 0x00, 0x00,
    0x00, 0x00, 0x00, 0x00, 0x00, 0x00, 0x00, 0x00, 0x00, 0x00, 0x00, 0x00, 0x00, 0x00, 0x00, 0x00, 0x00, 0x00, 0x00, 0x00, 0x00, 0x00, 0x00, 0x00,
    0x00, 0x00, 0x00, 0x00, 0x00, 0x00, 0x00, 0x00, 0x00, 0x00, 0x00, 0x00, 0x00, 0x00, 0x00, 0x00, 0x00, 0x00, 0x00, 0x00, 0x00, 0x00, 0x00, 0x00,
    0x00, 0x00, 0x00, 0x00, 0x00, 0x00, 0x00, 0x00, 0x00, 0x00, 0x00, 0x00, 0x7F, 0x7F, 0x7F, 0x04, 0x00, 0x00, 0x00, 0x00, 0x69, 0x6F, 0x72, 0x50,
    0x81, 0x79, 0x77, 0xFF, 0x83, 0x4A, 0x3B, 0xFC, 0x66, 0x3A, 0x2D, 0xFF, 0x74, 0x42, 0x33, 0xFF, 0x73, 0x41, 0x35, 0xFF, 0x7F, 0x45, 0x34, 0xFE,
    0x7D, 0x55, 0x4B, 0xFF, 0x7C, 0x7E, 0x7F, 0xF0, 0x74, 0x7F, 0x7F, 0x18, 0x00, 0x00, 0x00, 0x00, 0xFF, 0xFF, 0xFF, 0x01, 0x00, 0x00, 0x00, 0x00,
    0x00, 0x00, 0x00, 0x00, 0x00, 0x00, 0x00, 0x00, 0x00, 0x00, 0x00, 0x00, 0x00, 0x00, 0x00, 0x00, 0x00, 0x00, 0x00, 0x00, 0x00, 0x00, 0x00, 0x00,
    0x00, 0x00, 0x00, 0x00, 0x00, 0x00, 0x00, 0x00, 0x00, 0x00, 0x00, 0x00, 0x00, 0x00, 0x00, 0x00, 0x00, 0x00, 0x00, 0x00, 0x00, 0x00, 0x00, 0x00,
    0x00, 0x00, 0x00, 0x00, 0x00, 0x00, 0x00, 0x00, 0x00, 0x00, 0x00, 0x00, 0x00, 0x00, 0x00, 0x00, 0x3F, 0x3F, 0x3F, 0x04, 0x00, 0x00, 0x00, 0x00,
    0x66, 0x68, 0x6B, 0x5F, 0x79, 0x74, 0x73, 0xFF, 0x9E, 0x81, 0x77, 0xFB, 0x9E, 0x80, 0x78, 0xFF, 0xAF, 0x91, 0x89, 0xFF, 0xA3, 0x83, 0x7A, 0xFF,
    0xA2, 0x81, 0x78, 0xFE, 0x8F, 0x7A, 0x75, 0xFF, 0x69, 0x6B, 0x6B, 0xE6, 0x66, 0x66, 0x66, 0x0F, 0x00, 0x00, 0x00, 0x00, 0x00, 0x00, 0x00, 0x01,
    0x00, 0x00, 0x00, 0x00, 0x00, 0x00, 0x00, 0x00, 0x00, 0x00, 0x00, 0x00, 0x00, 0x00, 0x00, 0x00, 0x00, 0x00, 0x00, 0x00, 0x00, 0x00, 0x00, 0x00,
    0x00, 0x00, 0x00, 0x00, 0x00, 0x00, 0x00, 0x00, 0x00, 0x00, 0x00, 0x00, 0x00, 0x00, 0x00, 0x00, 0x00, 0x00, 0x00, 0x00, 0x00, 0x00, 0x00, 0x00,
    0x00, 0x00, 0x00, 0x00, 0x00, 0x00, 0x00, 0x00, 0x00, 0x00, 0x00, 0x00, 0x00, 0x00, 0x00, 0x00, 0x00, 0x00, 0x00, 0x00, 0x00, 0x00, 0x00, 0x00,
    0x00, 0x00, 0x00, 0x00, 0x00, 0x00, 0x00, 0x00, 0x00, 0x00, 0x00, 0x00, 0x00, 0x00, 0x00, 0x00, 0x00, 0x00, 0x00, 0x00, 0x00, 0x00, 0x00, 0x00,
    0x00, 0x00, 0x00, 0x00, 0x00, 0x00, 0x00, 0x00, 0x00, 0x00, 0x00, 0x00, 0x00, 0x00, 0x00, 0x00, 0x00, 0x00, 0x00, 0x00, 0x00, 0x00, 0x00, 0x00,
    0x00, 0x00, 0x00, 0x00, 0x00, 0x00, 0x00, 0x00, 0x00, 0x00, 0x00, 0x00, 0x00, 0x00, 0x00, 0x00, 0x00, 0x00, 0x00, 0x00, 0x7F, 0x7F, 0x7F, 0x04,
    0x00, 0x00, 0x00, 0x00, 0x82, 0x85, 0x85, 0x50, 0x91, 0x8E, 0x8D, 0xFF, 0x9A, 0x7F, 0x77, 0xFC, 0x95, 0x7C, 0x75, 0xFF, 0x99, 0x80, 0x78, 0xFF,
    0x96, 0x7D, 0x76, 0xFF, 0x9B, 0x80, 0x77, 0xFE, 0x92, 0x7E, 0x78, 0xFF, 0x75, 0x75, 0x75, 0xF0, 0x8A, 0x8A, 0x8A, 0x18, 0x00, 0x00, 0x00, 0x00,
    0xFF, 0xFF, 0xFF, 0x01, 0x00, 0x00, 0x00, 0x00, 0x00, 0x00, 0x00, 0x00, 0x00, 0x00, 0x00, 0x00, 0x00, 0x00, 0x00, 0x00, 0x00, 0x00, 0x00, 0x00,
    0x00, 0x00, 0x00, 0x00, 0x00, 0x00, 0x00, 0x00, 0x00, 0x00, 0x00, 0x00, 0x00, 0x00, 0x00, 0x00, 0x00, 0x00, 0x00, 0x00, 0x00, 0x00, 0x00, 0x00,
    0x00, 0x00, 0x00, 0x00, 0x00, 0x00, 0x00, 0x00, 0x00, 0x00, 0x00, 0x00, 0x00, 0x00, 0x00, 0x00, 0x00, 0x00, 0x00, 0x00, 0x00, 0x00, 0x00, 0x00,
    0x7F, 0x7F, 0x7F, 0x04, 0x00, 0x00, 0x00, 0x00, 0x99, 0xA1, 0xA3, 0x5F, 0x9D, 0x92, 0x8F, 0xFF, 0x97, 0x53, 0x41, 0xFB, 0x89, 0x4D, 0x3D, 0xFF,
    0x93, 0x52, 0x40, 0xFF, 0x97, 0x55, 0x43, 0xFF, 0x99, 0x52, 0x3F, 0xFE, 0x91, 0x66, 0x5B, 0xFF, 0x91, 0x93, 0x94, 0xE6, 0x88, 0x77, 0x77, 0x0F,
    0x00, 0x00, 0x00, 0x00, 0xFF, 0xFF, 0xFF, 0x01, 0x00, 0x00, 0x00, 0x00, 0x00, 0x00, 0x00, 0x00, 0x00, 0x00, 0x00, 0x00, 0x00, 0x00, 0x00, 0x00,
    0x00, 0x00, 0x00, 0x00, 0x00, 0x00, 0x00, 0x00, 0x00, 0x00, 0x00, 0x00, 0x00, 0x00, 0x00, 0x00, 0x00, 0x00, 0x00, 0x00, 0x00, 0x00, 0x00, 0x00,
    0x00, 0x00, 0x00, 0x00, 0x00, 0x00, 0x00, 0x00, 0x00, 0x00, 0x00, 0x00, 0x00, 0x00, 0x00, 0x00, 0x00, 0x00, 0x00, 0x00, 0x00, 0x00, 0x00, 0x00,
    0x00, 0x00, 0x00, 0x00, 0x00, 0x00, 0x00, 0x00, 0x00, 0x00, 0x00, 0x00, 0x00, 0x00, 0x00, 0x00, 0x00, 0x00, 0x00, 0x00, 0x00, 0x00, 0x00, 0x00,
    0x00, 0x00, 0x00, 0x00, 0x00, 0x00, 0x00, 0x00, 0x00, 0x00, 0x00, 0x00, 0x00, 0x00, 0x00, 0x00, 0x00, 0x00, 0x00, 0x00, 0x00, 0x00, 0x00, 0x00,
    0x00, 0x00, 0x00, 0x00, 0x00, 0x00, 0x00, 0x00, 0x00, 0x00, 0x00, 0x00, 0x00, 0x00, 0x00, 0x00, 0x00, 0x00, 0x00, 0x00, 0x00, 0x00, 0x00, 0x00,
    0x00, 0x00, 0x00, 0x00, 0x7F, 0x7F, 0x7F, 0x04, 0x00, 0x00, 0x00, 0x00, 0x85, 0x8C, 0x8C, 0x50, 0x92, 0x8C, 0x8A, 0xFF, 0x99, 0x5D, 0x4C, 0xFC,
    0x94, 0x59, 0x49, 0xFF, 0xA5, 0x8C, 0x86, 0xFF, 0x9C, 0x66, 0x56, 0xFF, 0xAA, 0x62, 0x4F, 0xFE, 0x97, 0x68, 0x5C, 0xFF, 0x7C, 0x7E, 0x7E, 0xF0,
    0x7F, 0x74, 0x74, 0x18, 0x00, 0x00, 0x00, 0x00, 0xFF, 0xFF, 0xFF, 0x01, 0x00, 0x00, 0x00, 0x00, 0x00, 0x00, 0x00, 0x00, 0x00, 0x00, 0x00, 0x00,
    0x00, 0x00, 0x00, 0x00, 0x00, 0x00, 0x00, 0x00, 0x00, 0x00, 0x00, 0x00, 0x00, 0x00, 0x00, 0x00, 0x00, 0x00, 0x00, 0x00, 0x00, 0x00, 0x00, 0x00,
    0x00, 0x00, 0x00, 0x00, 0x00, 0x00, 0x00, 0x00, 0x00, 0x00, 0x00, 0x00, 0x00, 0x00, 0x00, 0x00, 0x00, 0x00, 0x00, 0x00, 0x00, 0x00, 0x00, 0x00,
    0x00, 0x00, 0x00, 0x00, 0x00, 0x00, 0x00, 0x00, 0x7F, 0x7F, 0x7F, 0x04, 0x00, 0x00, 0x00, 0x00, 0x7E, 0x83, 0x88, 0x5F, 0x90, 0x84, 0x80, 0xFF,
    0x85, 0x44, 0x31, 0xFB, 0x6D, 0x38, 0x2A, 0xFF, 0x68, 0x36, 0x29, 0xFF, 0x76, 0x3E, 0x2F, 0xFF, 0x75, 0x39, 0x28, 0xFE, 0x80, 0x56, 0x4B, 0xFF,
    0x7B, 0x7D, 0x7E, 0xE6, 0x88, 0x77, 0x77, 0x0F, 0x00, 0x00, 0x00, 0x00, 0xFF, 0xFF, 0xFF, 0x01, 0x00, 0x00, 0x00, 0x00, 0x00, 0x00, 0x00, 0x00,
    0x00, 0x00, 0x00, 0x00, 0x00, 0x00, 0x00, 0x00, 0x00, 0x00, 0x00, 0x00, 0x00, 0x00, 0x00, 0x00, 0x00, 0x00, 0x00, 0x00, 0x00, 0x00, 0x00, 0x00,
    0x00, 0x00, 0x00, 0x00, 0x00, 0x00, 0x00, 0x00, 0x00, 0x00, 0x00, 0x00, 0x00, 0x00, 0x00, 0x00, 0x00, 0x00, 0x00, 0x00, 0x00, 0x00, 0x00, 0x00,
    0x00, 0x00, 0x00, 0x00, 0x00, 0x00, 0x00, 0x00, 0x00, 0x00, 0x00, 0x00, 0x00, 0x00, 0x00, 0x00, 0x00, 0x00, 0x00, 0x00, 0x00, 0x00, 0x00, 0x00,
    0x00, 0x00, 0x00, 0x00, 0x00, 0x00, 0x00, 0x00, 0x00, 0x00, 0x00, 0x00, 0x00, 0x00, 0x00, 0x00, 0x00, 0x00, 0x00, 0x00, 0x00, 0x00, 0x00, 0x00,
    0x00, 0x00, 0x00, 0x00, 0x00, 0x00, 0x00, 0x00, 0x00, 0x00, 0x00, 0x00, 0x00, 0x00, 0x00, 0x00, 0x00, 0x00, 0x00, 0x00, 0x00, 0x00, 0x00, 0x00,
    0x00, 0x00, 0x00, 0x00, 0x00, 0x00, 0x00, 0x00, 0x00, 0x00, 0x00, 0x00, 0x7F, 0x7F, 0x7F, 0x04, 0x00, 0x00, 0x00, 0x00, 0x77, 0x7D, 0x81, 0x51,
    0x81, 0x7B, 0x79, 0xFC, 0x80, 0x41, 0x31, 0xF9, 0x71, 0x39, 0x29, 0xFD, 0xA7, 0x8A, 0x85, 0xFC, 0xA0, 0x5D, 0x49, 0xFC, 0x7F, 0x3B, 0x29, 0xFC,
    0x81, 0x52, 0x46, 0xFC, 0x80, 0x82, 0x82, 0xEF, 0x84, 0x84, 0x84, 0x19, 0x00, 0x00, 0x00, 0x00, 0xFF, 0xFF, 0xFF, 0x01, 0x00, 0x00, 0x00, 0x00,
    0x00, 0x00, 0x00, 0x00, 0x00, 0x00, 0x00, 0x00, 0x00, 0x00, 0x00, 0x00, 0x00, 0x00, 0x00, 0x00, 0x00, 0x00, 0x00, 0x00, 0x00, 0x00, 0x00, 0x00,
    0x00, 0x00, 0x00, 0x00, 0x00, 0x00, 0x00, 0x00, 0x00, 0x00, 0x00, 0x00, 0x00, 0x00, 0x00, 0x00, 0x00, 0x00, 0x00, 0x00, 0x00, 0x00, 0x00, 0x00,
    0x00, 0x00, 0x00, 0x00, 0x00, 0x00, 0x00, 0x00, 0x00, 0x00, 0x00, 0x00, 0x00, 0x00, 0x00, 0x00, 0x7F, 0x7F, 0x7F, 0x04, 0x00, 0x00, 0x00, 0x00,
    0x7B, 0x80, 0x80, 0x5F, 0x91, 0x89, 0x87, 0xFF, 0x90, 0x65, 0x59, 0xFB, 0x89, 0x62, 0x57, 0xFF, 0x83, 0x5B, 0x50, 0xFF, 0x88, 0x62, 0x57, 0xFF,
    0x89, 0x61, 0x56, 0xFE, 0x88, 0x6D, 0x67, 0xFF, 0x80, 0x81, 0x82, 0xE6, 0x77, 0x77, 0x77, 0x0F, 0x00, 0x00, 0x00, 0x00, 0xFF, 0xFF, 0xFF, 0x01,
    0x00, 0x00, 0x00, 0x00, 0x00, 0x00, 0x00, 0x00, 0x00, 0x00, 0x00, 0x00, 0x00, 0x00, 0x00, 0x00, 0x00, 0x00, 0x00, 0x00, 0x00, 0x00, 0x00, 0x00,
    0x00, 0x00, 0x00, 0x00, 0x00, 0x00, 0x00, 0x00, 0x00, 0x00, 0x00, 0x00, 0x00, 0x00, 0x00, 0x00, 0x00, 0x00, 0x00, 0x00, 0x00, 0x00, 0x00, 0x00,
    0x00, 0x00, 0x00, 0x00, 0x00, 0x00, 0x00, 0x00, 0x00, 0x00, 0x00, 0x00, 0x00, 0x00, 0x00, 0x00, 0x00, 0x00, 0x00, 0x00, 0x00, 0x00, 0x00, 0x00,
    0x00, 0x00, 0x00, 0x00, 0x00, 0x00, 0x00, 0x00, 0x00, 0x00, 0x00, 0x00, 0x00, 0x00, 0x00, 0x00, 0x00, 0x00, 0x00, 0x00, 0x00, 0x00, 0x00, 0x00,
    0x00, 0x00, 0x00, 0x00, 0x00, 0x00, 0x00, 0x00, 0x00, 0x00, 0x00, 0x00, 0x00, 0x00, 0x00, 0x00, 0x00, 0x00, 0x00, 0x00, 0x00, 0x00, 0x00, 0x00,
    0x00, 0x00, 0x00, 0x00, 0x00, 0x00, 0x00, 0x00, 0x00, 0x00, 0x00, 0x00, 0x00, 0x00, 0x00, 0x00, 0x00, 0x00, 0x00, 0x00, 0x7F, 0x7F, 0x7F, 0x04,
    0x00, 0x00, 0x00, 0x00, 0x6C, 0x6F, 0x6F, 0x49, 0x75, 0x72, 0x71, 0xFF, 0x77, 0x59, 0x51, 0xFF, 0x79, 0x5B, 0x53, 0xFF, 0x8E, 0x7F, 0x7C, 0xFF,
    0x90, 0x6E, 0x65, 0xFF, 0x78, 0x57, 0x4D, 0xFF, 0x7C, 0x66, 0x5F, 0xFF, 0x6F, 0x6F, 0x70, 0xF5, 0x71, 0x71, 0x71, 0x12, 0x00, 0x00, 0x00, 0x00,
    0xFF, 0xFF, 0xFF, 0x01, 0x00, 0x00, 0x00, 0x00, 0x00, 0x00, 0x00, 0x00, 0x00, 0x00, 0x00, 0x00, 0x00, 0x00, 0x00, 0x00, 0x00, 0x00, 0x00, 0x00,
    0x00, 0x00, 0x00, 0x00, 0x00, 0x00, 0x00, 0x00, 0x00, 0x00, 0x00, 0x00, 0x00, 0x00, 0x00, 0x00, 0x00, 0x00, 0x00, 0x00, 0x00, 0x00, 0x00, 0x00,
    0x00, 0x00, 0x00, 0x00, 0x00, 0x00, 0x00, 0x00, 0x00, 0x00, 0x00, 0x00, 0x00, 0x00, 0x00, 0x00, 0x00, 0x00, 0x00, 0x00, 0x00, 0x00, 0x00, 0x00,
    0x7F, 0x7F, 0x7F, 0x04, 0x00, 0x00, 0x00, 0x00, 0x80, 0x83, 0x86, 0x5F, 0x8C, 0x87, 0x85, 0xFF, 0x9D, 0x75, 0x6A, 0xFB, 0xA1, 0x7A, 0x6F, 0xFF,
    0xA6, 0x92, 0x8C, 0xFF, 0xA5, 0x7D, 0x73, 0xFF, 0xA9, 0x7C, 0x6F, 0xFE, 0x9B, 0x7E, 0x76, 0xFF, 0x77, 0x79, 0x79, 0xE6, 0x88, 0x88, 0x77, 0x0F,
    0x00, 0x00, 0x00, 0x00, 0xFF, 0xFF, 0xFF, 0x01, 0x00, 0x00, 0x00, 0x00, 0x00, 0x00, 0x00, 0x00, 0x00, 0x00, 0x00, 0x00, 0x00, 0x00, 0x00, 0x00,
    0x00, 0x00, 0x00, 0x00, 0x00, 0x00, 0x00, 0x00, 0x00, 0x00, 0x00, 0x00, 0x00, 0x00, 0x00, 0x00, 0x00, 0x00, 0x00, 0x00, 0x00, 0x00, 0x00, 0x00,
    0x00, 0x00, 0x00, 0x00, 0x00, 0x00, 0x00, 0x00, 0x00, 0x00, 0x00, 0x00, 0x00, 0x00, 0x00, 0x00, 0x00, 0x00, 0x00, 0x00, 0x00, 0x00, 0x00, 0x00,
    0x00, 0x00, 0x00, 0x00, 0x00, 0x00, 0x00, 0x00, 0x00, 0x00, 0x00, 0x00, 0x00, 0x00, 0x00, 0x00, 0x00, 0x00, 0x00, 0x00, 0x00, 0x00, 0x00, 0x00,
    0x00, 0x00, 0x00, 0x00, 0x00, 0x00, 0x00, 0x00, 0x00, 0x00, 0x00, 0x00, 0x00, 0x00, 0x00, 0x00, 0x00, 0x00, 0x00, 0x00, 0x00, 0x00, 0x00, 0x00,
    0x00, 0x00, 0x00, 0x00, 0x00, 0x00, 0x00, 0x00, 0x00, 0x00, 0x00, 0x00, 0x00, 0x00, 0x00, 0x00, 0x00, 0x00, 0x00, 0x00, 0x00, 0x00, 0x00, 0x00,
    0x00, 0x00, 0x00, 0x00, 0x00, 0x00, 0x00, 0x01, 0x00, 0x00, 0x00, 0x01, 0x5C, 0x5C, 0x5C, 0x0B, 0x5E, 0x5E, 0x5E, 0x9A, 0x60, 0x65, 0x67, 0xCC,
    0x5C, 0x61, 0x63, 0xCB, 0x57, 0x5A, 0x5A, 0xCC, 0x5A, 0x60, 0x61, 0xCB, 0x5E, 0x63, 0x64, 0xCA, 0x64, 0x68, 0x69, 0xC3, 0x5F, 0x5F, 0x5F, 0x66,
    0x00, 0x00, 0x00, 0x00, 0xFF, 0xFF, 0xFF, 0x01, 0x00, 0x00, 0x00, 0x00, 0x00, 0x00, 0x00, 0x00, 0x00, 0x00, 0x00, 0x00, 0x00, 0x00, 0x00, 0x00,
    0x00, 0x00, 0x00, 0x00, 0x00, 0x00, 0x00, 0x00, 0x00, 0x00, 0x00, 0x00, 0x00, 0x00, 0x00, 0x00, 0x00, 0x00, 0x00, 0x00, 0x00, 0x00, 0x00, 0x00,
    0x00, 0x00, 0x00, 0x00, 0x00, 0x00, 0x00, 0x00, 0x00, 0x00, 0x00, 0x00, 0x00, 0x00, 0x00, 0x00, 0x00, 0x00, 0x00, 0x00, 0x00, 0x00, 0x00, 0x00,
    0x00, 0x00, 0x00, 0x00, 0x00, 0x00, 0x00, 0x00, 0x7F, 0x7F, 0x7F, 0x04, 0x00, 0x00, 0x00, 0x00, 0x78, 0x7B, 0x7E, 0x5F, 0x84, 0x7B, 0x79, 0xFF,
    0x87, 0x45, 0x32, 0xFB, 0x8B, 0x4C, 0x3B, 0xFF, 0xAB, 0x90, 0x88, 0xFF, 0xA0, 0x5B, 0x49, 0xFF, 0x90, 0x47, 0x33, 0xFE, 0x86, 0x5A, 0x4E, 0xFF,
    0x79, 0x7D, 0x7E, 0xE6, 0x77, 0x77, 0x77, 0x0F, 0x00, 0x00, 0x00, 0x00, 0xFF, 0xFF, 0xFF, 0x01, 0x00, 0x00, 0x00, 0x00, 0x00, 0x00, 0x00, 0x00,
    0x00, 0x00, 0x00, 0x00, 0x00, 0x00, 0x00, 0x00, 0x00, 0x00, 0x00, 0x00, 0x00, 0x00, 0x00, 0x00, 0x00, 0x00, 0x00, 0x00, 0x00, 0x00, 0x00, 0x00,
    0x00, 0x00, 0x00, 0x00, 0x00, 0x00, 0x00, 0x00, 0x00, 0x00, 0x00, 0x00, 0x00, 0x00, 0x00, 0x00, 0x00, 0x00, 0x00, 0x00, 0x00, 0x00, 0x00, 0x00,
    0x00, 0x00, 0x00, 0x00, 0x00, 0x00, 0x00, 0x00, 0x00, 0x00, 0x00, 0x00, 0x00, 0x00, 0x00, 0x00, 0x00, 0x00, 0x00, 0x00, 0x00, 0x00, 0x00, 0x00,
    0x00, 0x00, 0x00, 0x00, 0x00, 0x00, 0x00, 0x00, 0x00, 0x00, 0x00, 0x00, 0x00, 0x00, 0x00, 0x00, 0x00, 0x00, 0x00, 0x00, 0x00, 0x00, 0x00, 0x00,
    0x00, 0x00, 0x00, 0x00, 0x00, 0x00, 0x00, 0x00, 0x00, 0x00, 0x00, 0x00, 0x00, 0x00, 0x00, 0x00, 0x00, 0x00, 0x00, 0x00, 0x00, 0x00, 0x00, 0x00,
    0x00, 0x00, 0x00, 0x00, 0x00, 0x00, 0x00, 0x00, 0x00, 0x00, 0x00, 0x00, 0x00, 0x00, 0x00, 0x00, 0x00, 0x00, 0x00, 0x00, 0x00, 0x00, 0x00, 0x00,
    0x00, 0x00, 0x00, 0x00, 0x00, 0x00, 0x00, 0x00, 0x00, 0x00, 0x00, 0x00, 0x00, 0x00, 0x00, 0x00, 0x00, 0x00, 0x00, 0x00, 0x00, 0x00, 0x00, 0x00,
    0x00, 0x00, 0x00, 0x00, 0x00, 0x00, 0x00, 0x00, 0x00, 0x00, 0x00, 0x00, 0x00, 0x00, 0x00, 0x00, 0x00, 0x00, 0x00, 0x00, 0x00, 0x00, 0x00, 0x00,
    0x00, 0x00, 0x00, 0x00, 0x00, 0x00, 0x00, 0x00, 0x00, 0x00, 0x00, 0x00, 0x00, 0x00, 0x00, 0x00, 0x00, 0x00, 0x00, 0x00, 0x00, 0x00, 0x00, 0x00,
    0x00, 0x00, 0x00, 0x00, 0x00, 0x00, 0x00, 0x00, 0x00, 0x00, 0x00, 0x00, 0x00, 0x00, 0x00, 0x00, 0x00, 0x00, 0x00, 0x00, 0x00, 0x00, 0x00, 0x00,
    0x00, 0x00, 0x00, 0x00, 0x00, 0x00, 0x00, 0x00, 0x00, 0x00, 0x00, 0x00, 0x00, 0x00, 0x00, 0x00, 0x7F, 0x7F, 0x7F, 0x04, 0x00, 0x00, 0x00, 0x00,
    0x7B, 0x7E, 0x80, 0x5F, 0x80, 0x78, 0x76, 0xFF, 0x69, 0x34, 0x26, 0xFB, 0x75, 0x40, 0x32, 0xFF, 0xAD, 0x91, 0x89, 0xFF, 0x9E, 0x5C, 0x48, 0xFF,
    0x6F, 0x36, 0x27, 0xFE, 0x78, 0x51, 0x46, 0xFF, 0x72, 0x75, 0x76, 0xE6, 0x77, 0x66, 0x66, 0x0F, 0x00, 0x00, 0x00, 0x00, 0x00, 0x00, 0x00, 0x01,
    0x00, 0x00, 0x00, 0x00, 0x00, 0x00, 0x00, 0x00, 0x00, 0x00, 0x00, 0x00, 0x00, 0x00, 0x00, 0x00, 0x00, 0x00, 0x00, 0x00, 0x00, 0x00, 0x00, 0x00,
    0x00, 0x00, 0x00, 0x00, 0x00, 0x00, 0x00, 0x00, 0x00, 0x00, 0x00, 0x00, 0x00, 0x00, 0x00, 0x00, 0x00, 0x00, 0x00, 0x00, 0x00, 0x00, 0x00, 0x00,
    0x00, 0x00, 0x00, 0x00, 0x00, 0x00, 0x00, 0x00, 0x00, 0x00, 0x00, 0x00, 0x00, 0x00, 0x00, 0x00, 0x00, 0x00, 0x00, 0x00, 0x00, 0x00, 0x00, 0x00,
    0x00, 0x00, 0x00, 0x00, 0x00, 0x00, 0x00, 0x00, 0x00, 0x00, 0x00, 0x00, 0x00, 0x00, 0x00, 0x00, 0x00, 0x00, 0x00, 0x00, 0x00, 0x00, 0x00, 0x00,
    0x00, 0x00, 0x00, 0x00, 0x00, 0x00, 0x00, 0x00, 0x00, 0x00, 0x00, 0x00, 0x00, 0x00, 0x00, 0x00, 0x00, 0x00, 0x00, 0x00, 0x00, 0x00, 0x00, 0x00,
    0x00, 0x00, 0x00, 0x00, 0x00, 0x00, 0x00, 0x00, 0x00, 0x00, 0x00, 0x00, 0x00, 0x00, 0x00, 0x00, 0x00, 0x00, 0x00, 0x00, 0x00, 0x00, 0x00, 0x00,
    0x00, 0x00, 0x00, 0x00, 0x00, 0x00, 0x00, 0x01, 0x55, 0x55, 0x55, 0x03, 0x00, 0x00, 0x00, 0x01, 0xFF, 0xFF, 0xFF, 0x01, 0x00, 0x00, 0x00, 0x01,
    0xFF, 0xFF, 0xFF, 0x01, 0x00, 0x00, 0x00, 0x01, 0x7F, 0x7F, 0x7F, 0x02, 0x55, 0x55, 0x55, 0x03, 0x00, 0x00, 0x00, 0x00, 0x00, 0x00, 0x00, 0x00,
    0x00, 0x00, 0x00, 0x00, 0x00, 0x00, 0x00, 0x00, 0x00, 0x00, 0x00, 0x00, 0x00, 0x00, 0x00, 0x00, 0x00, 0x00, 0x00, 0x00, 0x00, 0x00, 0x00, 0x00,
    0x00, 0x00, 0x00, 0x00, 0x00, 0x00, 0x00, 0x00, 0x00, 0x00, 0x00, 0x00, 0x00, 0x00, 0x00, 0x00, 0x00, 0x00, 0x00, 0x00, 0x00, 0x00, 0x00, 0x00,
    0x00, 0x00, 0x00, 0x00, 0x00, 0x00, 0x00, 0x00, 0x00, 0x00, 0x00, 0x00, 0x00, 0x00, 0x00, 0x00, 0x00, 0x00, 0x00, 0x00, 0x00, 0x00, 0x00, 0x00,
    0x3F, 0x3F, 0x3F, 0x04, 0x00, 0x00, 0x00, 0x00, 0x5D, 0x60, 0x60, 0x5F, 0x6E, 0x6A, 0x69, 0xFF, 0x8B, 0x6F, 0x67, 0xFB, 0x90, 0x74, 0x6C, 0xFF,
    0xAF, 0x9C, 0x97, 0xFF, 0xA1, 0x7F, 0x75, 0xFF, 0x90, 0x71, 0x68, 0xFE, 0x87, 0x71, 0x6B, 0xFF, 0x5C, 0x5E, 0x5E, 0xE6, 0x66, 0x66, 0x66, 0x0F,
    0x00, 0x00, 0x00, 0x00, 0x00, 0x00, 0x00, 0x01, 0x00, 0x00, 0x00, 0x00, 0x00, 0x00, 0x00, 0x00, 0x00, 0x00, 0x00, 0x00, 0x00, 0x00, 0x00, 0x00,
    0x00, 0x00, 0x00, 0x00, 0x00, 0x00, 0x00, 0x00, 0x00, 0x00, 0x00, 0x00, 0x00, 0x00, 0x00, 0x00, 0x00, 0x00, 0x00, 0x00, 0x00, 0x00, 0x00, 0x00,
    0x00, 0x00, 0x00, 0x00, 0x00, 0x00, 0x00, 0x00, 0x00, 0x00, 0x00, 0x00, 0x00, 0x00, 0x00, 0x00, 0x00, 0x00, 0x00, 0x00, 0x00, 0x00, 0x00, 0x00,
    0x00, 0x00, 0x00, 0x00, 0x00, 0x00, 0x00, 0x00, 0x00, 0x00, 0x00, 0x00, 0x00, 0x00, 0x00, 0x00, 0x00, 0x00, 0x00, 0x00, 0x00, 0x00, 0x00, 0x00,
    0x00, 0x00, 0x00, 0x00, 0x00, 0x00, 0x00, 0x00, 0x00, 0x00, 0x00, 0x00, 0x00, 0x00, 0x00, 0x00, 0x00, 0x00, 0x00, 0x00, 0x00, 0x00, 0x00, 0x00,
    0x00, 0x00, 0x00, 0x00, 0x00, 0x00, 0x00, 0x00, 0x00, 0x00, 0x00, 0x00, 0x00, 0x00, 0x00, 0x00, 0x00, 0x00, 0x00, 0x00, 0x00, 0x00, 0x00, 0x00,
    0x00, 0x00, 0x00, 0x00, 0x00, 0x00, 0x00, 0x00, 0x00, 0x00, 0x00, 0x00, 0x00, 0x00, 0x00, 0x00, 0x00, 0x00, 0x00, 0x00, 0x00, 0x00, 0x00, 0x00,
    0x00, 0x00, 0x00, 0x00, 0x00, 0x00, 0x00, 0x00, 0x00, 0x00, 0x00, 0x00, 0x00, 0x00, 0x00, 0x00, 0x00, 0x00, 0x00, 0x00, 0x00, 0x00, 0x00, 0x00,
    0x00, 0x00, 0x00, 0x00, 0x00, 0x00, 0x00, 0x00, 0x00, 0x00, 0x00, 0x00, 0x00, 0x00, 0x00, 0x00, 0x00, 0x00, 0x00, 0x00, 0x00, 0x00, 0x00, 0x00,
    0x00, 0x00, 0x00, 0x00, 0x00, 0x00, 0x00, 0x00, 0x00, 0x00, 0x00, 0x00, 0x00, 0x00, 0x00, 0x00, 0x00, 0x00, 0x00, 0x00, 0x00, 0x00, 0x00, 0x00,
    0x00, 0x00, 0x00, 0x00, 0x00, 0x00, 0x00, 0x00, 0x00, 0x00, 0x00, 0x00, 0x00, 0x00, 0x00, 0x00, 0x00, 0x00, 0x00, 0x00, 0x00, 0x00, 0x00, 0x00,
    0x00, 0x00, 0x00, 0x00, 0x00, 0x00, 0x00, 0x00, 0x7F, 0x7F, 0x7F, 0x04, 0x00, 0x00, 0x00, 0x00, 0x83, 0x88, 0x88, 0x5F, 0x93, 0x8C, 0x8A, 0xFF,
    0xA1, 0x6C, 0x5D, 0xFB, 0xA6, 0x70, 0x61, 0xFF, 0xB1, 0x76, 0x65, 0xFF, 0xA0, 0x6C, 0x5F, 0xFF, 0xA1, 0x6A, 0x5B, 0xFE, 0x99, 0x75, 0x6C, 0xFF,
    0x80, 0x83, 0x83, 0xE6, 0x88, 0x88, 0x88, 0x0F, 0x00, 0x00, 0x00, 0x00, 0xFF, 0xFF, 0xFF, 0x01, 0x00, 0x00, 0x00, 0x00, 0x00, 0x00, 0x00, 0x00,
    0x00, 0x00, 0x00, 0x00, 0x00, 0x00, 0x00, 0x00, 0x00, 0x00, 0x00, 0x00, 0x00, 0x00, 0x00, 0x00, 0x00, 0x00, 0x00, 0x00, 0x00, 0x00, 0x00, 0x00,
    0x00, 0x00, 0x00, 0x00, 0x00, 0x00, 0x00, 0x00, 0x00, 0x00, 0x00, 0x00, 0x00, 0x00, 0x00, 0x00, 0x00, 0x00, 0x00, 0x00, 0x00, 0x00, 0x00, 0x00,
    0x00, 0x00, 0x00, 0x00, 0x00, 0x00, 0x00, 0x00, 0x00, 0x00, 0x00, 0x00, 0x00, 0x00, 0x00, 0x00, 0x00, 0x00, 0x00, 0x00, 0x00, 0x00, 0x00, 0x00,
    0x00, 0x00, 0x00, 0x00, 0x00, 0x00, 0x00, 0x00, 0x00, 0x00, 0x00, 0x00, 0x00, 0x00, 0x00, 0x00, 0x00, 0x00, 0x00, 0x00, 0x00, 0x00, 0x00, 0x00,
    0x00, 0x00, 0x00, 0x00, 0x00, 0x00, 0x00, 0x00, 0x00, 0x00, 0x00, 0x00, 0x00, 0x00, 0x00, 0x00, 0x00, 0x00, 0x00, 0x00, 0x00, 0x00, 0x00, 0x00,
    0x00, 0x00, 0x00, 0x00, 0x00, 0x00, 0x00, 0x00, 0x00, 0x00, 0x00, 0x00, 0x00, 0x00, 0x00, 0x00, 0x00, 0x00, 0x00, 0x00, 0x00, 0x00, 0x00, 0x00,
    0x00, 0x00, 0x00, 0x00, 0x00, 0x00, 0x00, 0x00, 0x00, 0x00, 0x00, 0x00, 0x00, 0x00, 0x00, 0x00, 0x00, 0x00, 0x00, 0x00, 0x00, 0x00, 0x00, 0x00,
    0x00, 0x00, 0x00, 0x00, 0x00, 0x00, 0x00, 0x00, 0x00, 0x00, 0x00, 0x00, 0x00, 0x00, 0x00, 0x00, 0x00, 0x00, 0x00, 0x00, 0x00, 0x00, 0x00, 0x00,
    0x00, 0x00, 0x00, 0x00, 0x00, 0x00, 0x00, 0x00, 0x00, 0x00, 0x00, 0x00, 0x00, 0x00, 0x00, 0x00, 0x00, 0x00, 0x00, 0x00, 0x00, 0x00, 0x00, 0x00,
    0x00, 0x00, 0x00, 0x00, 0x00, 0x00, 0x00, 0x00, 0x00, 0x00, 0x00, 0x00, 0x00, 0x00, 0x00, 0x00, 0x00, 0x00, 0x00, 0x00, 0x00, 0x00, 0x00, 0x00,
    0x00, 0x00, 0x00, 0x00, 0x00, 0x00, 0x00, 0x00, 0x00, 0x00, 0x00, 0x00, 0x00, 0x00, 0x00, 0x00, 0x7F, 0x7F, 0x7F, 0x04, 0x00, 0x00, 0x00, 0x00,
    0x7B, 0x83, 0x86, 0x5F, 0x92, 0x87, 0x84, 0xFF, 0x87, 0x46, 0x33, 0xFB, 0x84, 0x45, 0x33, 0xFF, 0x8A, 0x48, 0x37, 0xFF, 0x8D, 0x4A, 0x38, 0xFF,
    0x8A, 0x44, 0x31, 0xFE, 0x86, 0x5A, 0x50, 0xFF, 0x86, 0x88, 0x89, 0xE6, 0x88, 0x77, 0x77, 0x0F, 0x00, 0x00, 0x00, 0x00, 0xFF, 0xFF, 0xFF, 0x01,
    0x00, 0x00, 0x00, 0x00, 0x00, 0x00, 0x00, 0x00, 0x00, 0x00, 0x00, 0x00, 0x00, 0x00, 0x00, 0x00, 0x00, 0x00, 0x00, 0x00, 0x00, 0x00, 0x00, 0x00,
    0x00, 0x00, 0x00, 0x00, 0x00, 0x00, 0x00, 0x00, 0x00, 0x00, 0x00, 0x00, 0x00, 0x00, 0x00, 0x00, 0x00, 0x00, 0x00, 0x00, 0x00, 0x00, 0x00, 0x00,
    0x00, 0x00, 0x00, 0x00, 0x00, 0x00, 0x00, 0x00, 0x00, 0x00, 0x00, 0x00, 0x00, 0x00, 0x00, 0x00, 0x00, 0x00, 0x00, 0x00, 0x00, 0x00, 0x00, 0x00,
    0x00, 0x00, 0x00, 0x00, 0x00, 0x00, 0x00, 0x00, 0x00, 0x00, 0x00, 0x00, 0x00, 0x00, 0x00, 0x00, 0x00, 0x00, 0x00, 0x00, 0x00, 0x00, 0x00, 0x00,
    0x00, 0x00, 0x00, 0x00, 0x00, 0x00, 0x00, 0x00, 0x00, 0x00, 0x00, 0x00, 0x00, 0x00, 0x00, 0x00, 0x00, 0x00, 0x00, 0x00, 0x00, 0x00, 0x00, 0x00,
    0x00, 0x00, 0x00, 0x00, 0x00, 0x00, 0x00, 0x00, 0x00, 0x00, 0x00, 0x00, 0x00, 0x00, 0x00, 0x00, 0x00, 0x00, 0x00, 0x00, 0x00, 0x00, 0x00, 0x00,
    0x00, 0x00, 0x00, 0x00, 0x00, 0x00, 0x00, 0x00, 0x00, 0x00, 0x00, 0x00, 0x00, 0x00, 0x00, 0x00, 0x00, 0x00, 0x00, 0x00, 0x00, 0x00, 0x00, 0x00,
    0x00, 0x00, 0x00, 0x00, 0x00, 0x00, 0x00, 0x00, 0x00, 0x00, 0x00, 0x00, 0x00, 0x00, 0x00, 0x00, 0x00, 0x00, 0x00, 0x00, 0x00, 0x00, 0x00, 0x00,
    0x00, 0x00, 0x00, 0x00, 0x00, 0x00, 0x00, 0x00, 0x00, 0x00, 0x00, 0x00, 0x00, 0x00, 0x00, 0x00, 0x00, 0x00, 0x00, 0x00, 0x00, 0x00, 0x00, 0x00,
    0x00, 0x00, 0x00, 0x00, 0x00, 0x00, 0x00, 0x00, 0x00, 0x00, 0x00, 0x00, 0x00, 0x00, 0x00, 0x00, 0x00, 0x00, 0x00, 0x00, 0x00, 0x00, 0x00, 0x00,
    0x00, 0x00, 0x00, 0x00, 0x00, 0x00, 0x00, 0x00, 0x00, 0x00, 0x00, 0x00, 0x00, 0x00, 0x00, 0x00, 0x00, 0x00, 0x00, 0x00, 0x00, 0x00, 0x00, 0x00,
    0x7F, 0x7F, 0x7F, 0x04, 0x00, 0x00, 0x00, 0x00, 0x6B, 0x73, 0x76, 0x5F, 0x84, 0x7A, 0x77, 0xFF, 0x83, 0x4B, 0x3A, 0xFB, 0x67, 0x3C, 0x30, 0xFF,
    0x75, 0x43, 0x36, 0xFF, 0x74, 0x44, 0x37, 0xFF, 0x7F, 0x47, 0x36, 0xFE, 0x7E, 0x5A, 0x51, 0xFF, 0x7D, 0x7F, 0x80, 0xE6, 0x77, 0x77, 0x77, 0x0F,
    0x00, 0x00, 0x00, 0x00, 0xFF, 0xFF, 0xFF, 0x01, 0x00, 0x00, 0x00, 0x00, 0x00, 0x00, 0x00, 0x00, 0x00, 0x00, 0x00, 0x00, 0x00, 0x00, 0x00, 0x00,
    0x00, 0x00, 0x00, 0x00, 0x00, 0x00, 0x00, 0x00, 0x00, 0x00, 0x00, 0x00, 0x00, 0x00, 0x00, 0x00, 0x00, 0x00, 0x00, 0x00, 0x00, 0x00, 0x00, 0x00,
    0x00, 0x00, 0x00, 0x00, 0x00, 0x00, 0x00, 0x00, 0x00, 0x00, 0x00, 0x00, 0x00, 0x00, 0x00, 0x00, 0x00, 0x00, 0x00, 0x00, 0x00, 0x00, 0x00, 0x00,
    0x00, 0x00, 0x00, 0x00, 0x00, 0x00, 0x00, 0x00, 0x00, 0x00, 0x00, 0x00, 0x00, 0x00, 0x00, 0x00, 0x00, 0x00, 0x00, 0x00, 0x00, 0x00, 0x00, 0x00,
    0x00, 0x00, 0x00, 0x00, 0x00, 0x00, 0x00, 0x00, 0x00, 0x00, 0x00, 0x00, 0x00, 0x00, 0x00, 0x00, 0x00, 0x00, 0x00, 0x00, 0x00, 0x00, 0x00, 0x00,
    0x00, 0x00, 0x00, 0x00, 0x00, 0x00, 0x00, 0x00, 0x00, 0x00, 0x00, 0x00, 0x00, 0x00, 0x00, 0x00, 0x00, 0x00, 0x00, 0x00, 0x00, 0x00, 0x00, 0x00,
    0x00, 0x00, 0x00, 0x00, 0x00, 0x00, 0x00, 0x00, 0x00, 0x00, 0x00, 0x00, 0x00, 0x00, 0x00, 0x00, 0x00, 0x00, 0x00, 0x00, 0x00, 0x00, 0x00, 0x00,
    0x00, 0x00, 0x00, 0x00, 0x00, 0x00, 0x00, 0x00, 0x00, 0x00, 0x00, 0x00, 0x00, 0x00, 0x00, 0x00, 0x00, 0x00, 0x00, 0x00, 0x00, 0x00, 0x00, 0x00,
    0x00, 0x00, 0x00, 0x00, 0x00, 0x00, 0x00, 0x00, 0x00, 0x00, 0x00, 0x00, 0x00, 0x00, 0x00, 0x00, 0x00, 0x00, 0x00, 0x00, 0x00, 0x00, 0x00, 0x00,
    0x00, 0x00, 0x00, 0x00, 0x00, 0x00, 0x00, 0x00, 0x00, 0x00, 0x00, 0x00, 0x00, 0x00, 0x00, 0x00, 0x00, 0x00, 0x00, 0x00, 0x00, 0x00, 0x00, 0x00,
    0x00, 0x00, 0x00, 0x00, 0x00, 0x00, 0x00, 0x00, 0x00, 0x00, 0x00, 0x00, 0x00, 0x00, 0x00, 0x00, 0x00, 0x00, 0x00, 0x00, 0x00, 0x00, 0x00, 0x00,
    0x00, 0x00, 0x00, 0x00, 0x00, 0x00, 0x00, 0x00, 0x7F, 0x7F, 0x7F, 0x04, 0x00, 0x00, 0x00, 0x00, 0x83, 0x88, 0x86, 0x5F, 0x94, 0x8F, 0x8E, 0xFF,
    0x9C, 0x7E, 0x75, 0xFB, 0x97, 0x7C, 0x75, 0xFF, 0x9A, 0x81, 0x7A, 0xFF, 0x97, 0x7D, 0x75, 0xFF, 0x9E, 0x80, 0x76, 0xFE, 0x91, 0x7E, 0x78, 0xFF,
    0x75, 0x76, 0x76, 0xE6, 0x88, 0x88, 0x88, 0x0F, 0x00, 0x00, 0x00, 0x00, 0xFF, 0xFF, 0xFF, 0x01, 0x00, 0x00, 0x00, 0x00, 0x00, 0x00, 0x00, 0x00,
    0x00, 0x00, 0x00, 0x00, 0x00, 0x00, 0x00, 0x00, 0x00, 0x00, 0x00, 0x00, 0x00, 0x00, 0x00, 0x00, 0x00, 0x00, 0x00, 0x00, 0x00, 0x00, 0x00, 0x00,
    0x00, 0x00, 0x00, 0x00, 0x00, 0x00, 0x00, 0x00, 0x00, 0x00, 0x00, 0x00, 0x00, 0x00, 0x00, 0x00, 0x00, 0x00, 0x00, 0x00, 0x00, 0x00, 0x00, 0x00,
    0x00, 0x00, 0x00, 0x00, 0x00, 0x00, 0x00, 0x00, 0x00, 0x00, 0x00, 0x00, 0x00, 0x00, 0x00, 0x00, 0x00, 0x00, 0x00, 0x00, 0x00, 0x00, 0x00, 0x00,
    0x00, 0x00, 0x00, 0x00, 0x00, 0x00, 0x00, 0x00, 0x00, 0x00, 0x00, 0x00, 0x00, 0x00, 0x00, 0x00, 0x00, 0x00, 0x00, 0x00, 0x00, 0x00, 0x00, 0x00,
    0x00, 0x00, 0x00, 0x00, 0x00, 0x00, 0x00, 0x00, 0x00, 0x00, 0x00, 0x00, 0x00, 0x00, 0x00, 0x00, 0x00, 0x00, 0x00, 0x00, 0x00, 0x00, 0x00, 0x00,
    0x00, 0x00, 0x00, 0x00, 0x00, 0x00, 0x00, 0x00, 0x00, 0x00, 0x00, 0x00, 0x00, 0x00, 0x00, 0x00, 0x00, 0x00, 0x00, 0x00, 0x00, 0x00, 0x00, 0x00,
    0x00, 0x00, 0x00, 0x00, 0x00, 0x00, 0x00, 0x00, 0x00, 0x00, 0x00, 0x00, 0x00, 0x00, 0x00, 0x00, 0x00, 0x00, 0x00, 0x00, 0x00, 0x00, 0x00, 0x00,
    0x00, 0x00, 0x00, 0x00, 0x00, 0x00, 0x00, 0x00, 0x00, 0x00, 0x00, 0x00, 0x00, 0x00, 0x00, 0x00, 0x00, 0x00, 0x00, 0x00, 0x00, 0x00, 0x00, 0x00,
    0x00, 0x00, 0x00, 0x00, 0x00, 0x00, 0x00, 0x00, 0x00, 0x00, 0x00, 0x00, 0x00, 0x00, 0x00, 0x00, 0x00, 0x00, 0x00, 0x00, 0x00, 0x00, 0x00, 0x00,
    0x00, 0x00, 0x00, 0x00, 0x00, 0x00, 0x00, 0x00, 0x00, 0x00, 0x00, 0x00, 0x00, 0x00, 0x00, 0x00, 0x00, 0x00, 0x00, 0x00, 0x00, 0x00, 0x00, 0x00,
    0x00, 0x00, 0x00, 0x00, 0x00, 0x00, 0x00, 0x00, 0x00, 0x00, 0x00, 0x00, 0x00, 0x00, 0x00, 0x00, 0x7F, 0x7F, 0x7F, 0x04, 0x00, 0x00, 0x00, 0x00,
    0x86, 0x8B, 0x8E, 0x5F, 0x93, 0x8A, 0x87, 0xFF, 0x98, 0x59, 0x48, 0xFB, 0x93, 0x59, 0x49, 0xFF, 0xA6, 0x8D, 0x86, 0xFF, 0x9C, 0x61, 0x52, 0xFF,
    0xA8, 0x5F, 0x4B, 0xFE, 0x94, 0x69, 0x5D, 0xFF, 0x7C, 0x7F, 0x80, 0xE6, 0x77, 0x77, 0x77, 0x0F, 0x00, 0x00, 0x00, 0x00, 0xFF, 0xFF, 0xFF, 0x01,
    0x00, 0x00, 0x00, 0x00, 0x00, 0x00, 0x00, 0x00, 0x00, 0x00, 0x00, 0x00, 0x00, 0x00, 0x00, 0x00, 0x00, 0x00, 0x00, 0x00, 0x00, 0x00, 0x00, 0x00,
    0x00, 0x00, 0x00, 0x00, 0x00, 0x00, 0x00, 0x00, 0x00, 0x00, 0x00, 0x00, 0x00, 0x00, 0x00, 0x00, 0x00, 0x00, 0x00, 0x00, 0x00, 0x00, 0x00, 0x00,
    0x00, 0x00, 0x00, 0x00, 0x00, 0x00, 0x00, 0x00, 0x00, 0x00, 0x00, 0x00, 0x00, 0x00, 0x00, 0x00, 0x00, 0x00, 0x00, 0x00, 0x00, 0x00, 0x00, 0x00,
    0x00, 0x00, 0x00, 0x00, 0x00, 0x00, 0x00, 0x00, 0x00, 0x00, 0x00, 0x00, 0x00, 0x00, 0x00, 0x00, 0x00, 0x00, 0x00, 0x00, 0x00, 0x00, 0x00, 0x00,
    0x00, 0x00, 0x00, 0x00, 0x00, 0x00, 0x00, 0x00, 0x00, 0x00, 0x00, 0x00, 0x00, 0x00, 0x00, 0x00, 0x00, 0x00, 0x00, 0x00, 0x00, 0x00, 0x00, 0x00,
    0x00, 0x00, 0x00, 0x00, 0x00, 0x00, 0x00, 0x00, 0x00, 0x00, 0x00, 0x00, 0x00, 0x00, 0x00, 0x00, 0x00, 0x00, 0x00, 0x00, 0x00, 0x00, 0x00, 0x00,
    0x00, 0x00, 0x00, 0x00, 0x00, 0x00, 0x00, 0x00, 0x00, 0x00, 0x00, 0x00, 0x00, 0x00, 0x00, 0x00, 0x00, 0x00, 0x00, 0x00, 0x00, 0x00, 0x00, 0x00,
    0x00, 0x00, 0x00, 0x00, 0x00, 0x00, 0x00, 0x00, 0x00, 0x00, 0x00, 0x00, 0x00, 0x00, 0x00, 0x00, 0x00, 0x00, 0x00, 0x00, 0x00, 0x00, 0x00, 0x00,
    0x00, 0x00, 0x00, 0x00, 0x00, 0x00, 0x00, 0x00, 0x00, 0x00, 0x00, 0x00, 0x00, 0x00, 0x00, 0x00, 0x00, 0x00, 0x00, 0x00, 0x00, 0x00, 0x00, 0x00,
    0x00, 0x00, 0x00, 0x00, 0x00, 0x00, 0x00, 0x00, 0x00, 0x00, 0x00, 0x00, 0x00, 0x00, 0x00, 0x00, 0x00, 0x00, 0x00, 0x00, 0x00, 0x00, 0x00, 0x00,
    0x00, 0x00, 0x00, 0x00, 0x00, 0x00, 0x00, 0x00, 0x00, 0x00, 0x00, 0x00, 0x00, 0x00, 0x00, 0x00, 0x00, 0x00, 0x00, 0x00, 0x00, 0x00, 0x00, 0x00,
    0x7F, 0x7F, 0x7F, 0x04, 0x00, 0x00, 0x00, 0x00, 0x78, 0x7E, 0x80, 0x5F, 0x81, 0x79, 0x76, 0xFF, 0x7A, 0x3D, 0x2D, 0xFB, 0x70, 0x3C, 0x2E, 0xFF,
    0xA4, 0x89, 0x83, 0xFF, 0x99, 0x56, 0x45, 0xFF, 0x7A, 0x3A, 0x29, 0xFE, 0x7F, 0x57, 0x4C, 0xFF, 0x7F, 0x82, 0x83, 0xE6, 0x88, 0x77, 0x77, 0x0F,
    0x00, 0x00, 0x00, 0x00, 0xFF, 0xFF, 0xFF, 0x01, 0x00, 0x00, 0x00, 0x00, 0x00, 0x00, 0x00, 0x00, 0x00, 0x00, 0x00, 0x00, 0x00, 0x00, 0x00, 0x00,
    0x00, 0x00, 0x00, 0x00, 0x00, 0x00, 0x00, 0x00, 0x00, 0x00, 0x00, 0x00, 0x00, 0x00, 0x00, 0x00, 0x00, 0x00, 0x00, 0x00, 0x00, 0x00, 0x00, 0x00,
    0x00, 0x00, 0x00, 0x00, 0x00, 0x00, 0x00, 0x00, 0x00, 0x00, 0x00, 0x00, 0x00, 0x00, 0x00, 0x00, 0x00, 0x00, 0x00, 0x00, 0x00, 0x00, 0x00, 0x00,
    0x00, 0x00, 0x00, 0x00, 0x00, 0x00, 0x00, 0x00, 0x00, 0x00, 0x00, 0x00, 0x00, 0x00, 0x00, 0x00, 0x00, 0x00, 0x00, 0x00, 0x00, 0x00, 0x00, 0x00,
    0x00, 0x00, 0x00, 0x00, 0x00, 0x00, 0x00, 0x00, 0x00, 0x00, 0x00, 0x00, 0x00, 0x00, 0x00, 0x00, 0x00, 0x00, 0x00, 0x00, 0x00, 0x00, 0x00, 0x00,
    0x00, 0x00, 0x00, 0x00, 0x00, 0x00, 0x00, 0x00, 0x00, 0x00, 0x00, 0x00, 0x00, 0x00, 0x00, 0x00, 0x00, 0x00, 0x00, 0x00, 0x00, 0x00, 0x00, 0x00,
    0x00, 0x00, 0x00, 0x00, 0x00, 0x00, 0x00, 0x00, 0x00, 0x00, 0x00, 0x00, 0x00, 0x00, 0x00, 0x00, 0x00, 0x00, 0x00, 0x00, 0x00, 0x00, 0x00, 0x00,
    0x00, 0x00, 0x00, 0x00, 0x00, 0x00, 0x00, 0x00, 0x00, 0x00, 0x00, 0x00, 0x00, 0x00, 0x00, 0x00, 0x00, 0x00, 0x00, 0x00, 0x00, 0x00, 0x00, 0x00,
    0x00, 0x00, 0x00, 0x00, 0x00, 0x00, 0x00, 0x00, 0x00, 0x00, 0x00, 0x00, 0x00, 0x00, 0x00, 0x00, 0x00, 0x00, 0x00, 0x00, 0x00, 0x00, 0x00, 0x00,
    0x00, 0x00, 0x00, 0x00, 0x00, 0x00, 0x00, 0x00, 0x00, 0x00, 0x00, 0x00, 0x00, 0x00, 0x00, 0x00, 0x00, 0x00, 0x00, 0x00, 0x00, 0x00, 0x00, 0x00,
    0x00, 0x00, 0x00, 0x00, 0x00, 0x00, 0x00, 0x00, 0x00, 0x00, 0x00, 0x00, 0x00, 0x00, 0x00, 0x00, 0x00, 0x00, 0x00, 0x00, 0x00, 0x00, 0x00, 0x00,
    0x00, 0x00, 0x00, 0x00, 0x00, 0x00, 0x00, 0x00, 0x7F, 0x7F, 0x7F, 0x04, 0x00, 0x00, 0x00, 0x00, 0x63, 0x68, 0x68, 0x5F, 0x71, 0x6B, 0x69, 0xFF,
    0x84, 0x58, 0x4C, 0xFB, 0x86, 0x5C, 0x51, 0xFF, 0xAB, 0x95, 0x90, 0xFF, 0x9C, 0x6B, 0x5D, 0xFF, 0x84, 0x56, 0x49, 0xFE, 0x7F, 0x61, 0x59, 0xFF,
    0x68, 0x6A, 0x6A, 0xE6, 0x66, 0x66, 0x66, 0x0F, 0x00, 0x00, 0x00, 0x00, 0x00, 0x00, 0x00, 0x01, 0x00, 0x00, 0x00, 0x00, 0x00, 0x00, 0x00, 0x00,
    0x00, 0x00, 0x00, 0x00, 0x00, 0x00, 0x00, 0x00, 0x00, 0x00, 0x00, 0x00, 0x00, 0x00, 0x00, 0x00, 0x00, 0x00, 0x00, 0x00, 0x00, 0x00, 0x00, 0x00,
    0x00, 0x00, 0x00, 0x00, 0x00, 0x00, 0x00, 0x00, 0x00, 0x00, 0x00, 0x00, 0x00, 0x00, 0x00, 0x00, 0x00, 0x00, 0x00, 0x00, 0x00, 0x00, 0x00, 0x00,
    0x00, 0x00, 0x00, 0x00, 0x00, 0x00, 0x00, 0x00, 0x00, 0x00, 0x00, 0x00, 0x00, 0x00, 0x00, 0x00, 0x00, 0x00, 0x00, 0x00, 0x00, 0x00, 0x00, 0x00,
    0x00, 0x00, 0x00, 0x00, 0x00, 0x00, 0x00, 0x00, 0x00, 0x00, 0x00, 0x00, 0x00, 0x00, 0x00, 0x00, 0x00, 0x00, 0x00, 0x00, 0x00, 0x00, 0x00, 0x00,
    0x00, 0x00, 0x00, 0x00, 0x00, 0x00, 0x00, 0x00, 0x00, 0x00, 0x00, 0x00, 0x00, 0x00, 0x00, 0x00, 0x00, 0x00, 0x00, 0x00, 0x00, 0x00, 0x00, 0x00,
    0x00, 0x00, 0x00, 0x00, 0x00, 0x00, 0x00, 0x00, 0x00, 0x00, 0x00, 0x00, 0x00, 0x00, 0x00, 0x00, 0x00, 0x00, 0x00, 0x00, 0x00, 0x00, 0x00, 0x00,
    0x00, 0x00, 0x00, 0x00, 0x00, 0x00, 0x00, 0x00, 0x00, 0x00, 0x00, 0x00, 0x00, 0x00, 0x00, 0x00, 0x00, 0x00, 0x00, 0x00, 0x00, 0x00, 0x00, 0x00,
    0x00, 0x00, 0x00, 0x00, 0x00, 0x00, 0x00, 0x00, 0x00, 0x00, 0x00, 0x00, 0x00, 0x00, 0x00, 0x00, 0x00, 0x00, 0x00, 0x00, 0x00, 0x00, 0x00, 0x00,
    0x00, 0x00, 0x00, 0x00, 0x00, 0x00, 0x00, 0x00, 0x00, 0x00, 0x00, 0x00, 0x00, 0x00, 0x00, 0x00, 0x00, 0x00, 0x00, 0x00, 0x00, 0x00, 0x00, 0x00,
    0x00, 0x00, 0x00, 0x00, 0x00, 0x00, 0x00, 0x00, 0x00, 0x00, 0x00, 0x00, 0x00, 0x00, 0x00, 0x00, 0x00, 0x00, 0x00, 0x00, 0x00, 0x00, 0x00, 0x00,
    0x00, 0x00, 0x00, 0x00, 0x00, 0x00, 0x00, 0x00, 0x00, 0x00, 0x00, 0x00, 0x00, 0x00, 0x00, 0x00, 0x3F, 0x3F, 0x3F, 0x04, 0x00, 0x00, 0x00, 0x00,
    0x70, 0x73, 0x73, 0x5F, 0x80, 0x7B, 0x79, 0xFF, 0xA0, 0x7C, 0x72, 0xFB, 0x9E, 0x7C, 0x72, 0xFF, 0xAE, 0x88, 0x7E, 0xFF, 0xA3, 0x7F, 0x75, 0xFF,
    0xA5, 0x7E, 0x73, 0xFE, 0x91, 0x7A, 0x74, 0xFF, 0x71, 0x73, 0x73, 0xE6, 0x77, 0x66, 0x66, 0x0F, 0x00, 0x00, 0x00, 0x00, 0x00, 0x00, 0x00, 0x01,
    0x00, 0x00, 0x00, 0x00, 0x00, 0x00, 0x00, 0x00, 0x00, 0x00, 0x00, 0x00, 0x00, 0x00, 0x00, 0x00, 0x00, 0x00, 0x00, 0x00, 0x00, 0x00, 0x00, 0x00,
    0x00, 0x00, 0x00, 0x00, 0x00, 0x00, 0x00, 0x00, 0x00, 0x00, 0x00, 0x00, 0x00, 0x00, 0x00, 0x00, 0x00, 0x00, 0x00, 0x00, 0x00, 0x00, 0x00, 0x00,
    0x00, 0x00, 0x00, 0x00, 0x00, 0x00, 0x00, 0x00, 0x00, 0x00, 0x00, 0x00, 0x00, 0x00, 0x00, 0x00, 0x00, 0x00, 0x00, 0x00, 0x00, 0x00, 0x00, 0x00,
    0x00, 0x00, 0x00, 0x00, 0x00, 0x00, 0x00, 0x00, 0x00, 0x00, 0x00, 0x00, 0x00, 0x00, 0x00, 0x00, 0x00, 0x00, 0x00, 0x00, 0x00, 0x00, 0x00, 0x00,
    0x00, 0x00, 0x00, 0x00, 0x00, 0x00, 0x00, 0x00, 0x00, 0x00, 0x00, 0x00, 0x00, 0x00, 0x00, 0x00, 0x00, 0x00, 0x00, 0x00, 0x00, 0x00, 0x00, 0x00,
    0x00, 0x00, 0x00, 0x00, 0x00, 0x00, 0x00, 0x00, 0x00, 0x00, 0x00, 0x00, 0x00, 0x00, 0x00, 0x00, 0x00, 0x00, 0x00, 0x00, 0x00, 0x00, 0x00, 0x00,
    0x00, 0x00, 0x00, 0x00, 0x00, 0x00, 0x00, 0x00, 0x00, 0x00, 0x00, 0x00, 0x00, 0x00, 0x00, 0x00, 0x00, 0x00, 0x00, 0x00, 0x00, 0x00, 0x00, 0x00,
    0x00, 0x00, 0x00, 0x00, 0x00, 0x00, 0x00, 0x00, 0x00, 0x00, 0x00, 0x00, 0x00, 0x00, 0x00, 0x00, 0x00, 0x00, 0x00, 0x00, 0x00, 0x00, 0x00, 0x00,
    0x00, 0x00, 0x00, 0x00, 0x00, 0x00, 0x00, 0x00, 0x00, 0x00, 0x00, 0x00, 0x00, 0x00, 0x00, 0x00, 0x00, 0x00, 0x00, 0x00, 0x00, 0x00, 0x00, 0x00,
    0x00, 0x00, 0x00, 0x00, 0x00, 0x00, 0x00, 0x00, 0x00, 0x00, 0x00, 0x00, 0x00, 0x00, 0x00, 0x00, 0x00, 0x00, 0x00, 0x00, 0x00, 0x00, 0x00, 0x00,
    0x00, 0x00, 0x00, 0x00, 0x00, 0x00, 0x00, 0x00, 0x00, 0x00, 0x00, 0x00, 0x00, 0x00, 0x00, 0x00, 0x00, 0x00, 0x00, 0x00, 0x00, 0x00, 0x00, 0x00,
    0x7F, 0x7F, 0x7F, 0x04, 0x00, 0x00, 0x00, 0x00, 0x99, 0x9E, 0xA1, 0x5F, 0x9C, 0x91, 0x8E, 0xFF, 0x93, 0x4E, 0x3B, 0xFB, 0x82, 0x47, 0x37, 0xFF,
    0x8A, 0x4A, 0x39, 0xFF, 0x90, 0x4F, 0x3D, 0xFF, 0x92, 0x4B, 0x38, 0xFE, 0x8E, 0x63, 0x57, 0xFF, 0x8F, 0x91, 0x93, 0xE6, 0x88, 0x77, 0x77, 0x0F,
    0x00, 0x00, 0x00, 0x00, 0xFF, 0xFF, 0xFF, 0x01, 0x00, 0x00, 0x00, 0x00, 0x00, 0x00, 0x00, 0x00, 0x00, 0x00, 0x00, 0x00, 0x00, 0x00, 0x00, 0x00,
    0x00, 0x00, 0x00, 0x00, 0x00, 0x00, 0x00, 0x00, 0x00, 0x00, 0x00, 0x00, 0x00, 0x00, 0x00, 0x00, 0x00, 0x00, 0x00, 0x00, 0x00, 0x00, 0x00, 0x00,
    0x00, 0x00, 0x00, 0x00, 0x00, 0x00, 0x00, 0x00, 0x00, 0x00, 0x00, 0x00, 0x00, 0x00, 0x00, 0x00, 0x00, 0x00, 0x00, 0x00, 0x00, 0x00, 0x00, 0x00,
    0x00, 0x00, 0x00, 0x00, 0x00, 0x00, 0x00, 0x00, 0x00, 0x00, 0x00, 0x00, 0x00, 0x00, 0x00, 0x00, 0x00, 0x00, 0x00, 0x00, 0x00, 0x00, 0x00, 0x00,
    0x00, 0x00, 0x00, 0x00, 0x00, 0x00, 0x00, 0x00, 0x00, 0x00, 0x00, 0x00, 0x00, 0x00, 0x00, 0x00, 0x00, 0x00, 0x00, 0x00, 0x00, 0x00, 0x00, 0x00,
    0x00, 0x00, 0x00, 0x00, 0x00, 0x00, 0x00, 0x00, 0x00, 0x00, 0x00, 0x00, 0x00, 0x00, 0x00, 0x00, 0x00, 0x00, 0x00, 0x00, 0x00, 0x00, 0x00, 0x00,
    0x00, 0x00, 0x00, 0x00, 0x00, 0x00, 0x00, 0x00, 0x00, 0x00, 0x00, 0x00, 0x00, 0x00, 0x00, 0x00, 0x00, 0x00, 0x00, 0x00, 0x00, 0x00, 0x00, 0x00,
    0x00, 0x00, 0x00, 0x00, 0x00, 0x00, 0x00, 0x00, 0x00, 0x00, 0x00, 0x00, 0x00, 0x00, 0x00, 0x00, 0x00, 0x00, 0x00, 0x00, 0x00, 0x00, 0x00, 0x00,
    0x00, 0x00, 0x00, 0x00, 0x00, 0x00, 0x00, 0x00, 0x00, 0x00, 0x00, 0x00, 0x00, 0x00, 0x00, 0x00, 0x00, 0x00, 0x00, 0x00, 0x00, 0x00, 0x00, 0x00,
    0x00, 0x00, 0x00, 0x00, 0x00, 0x00, 0x00, 0x00, 0x00, 0x00, 0x00, 0x00, 0x00, 0x00, 0x00, 0x00, 0x00, 0x00, 0x00, 0x00, 0x00, 0x00, 0x00, 0x00,
    0x00, 0x00, 0x00, 0x00, 0x00, 0x00, 0x00, 0x00, 0x00, 0x00, 0x00, 0x00, 0x00, 0x00, 0x00, 0x00, 0x00, 0x00, 0x00, 0x00, 0x00, 0x00, 0x00, 0x00,
    0x00, 0x00, 0x00, 0x00, 0x00, 0x00, 0x00, 0x00, 0x7F, 0x7F, 0x7F, 0x04, 0x00, 0x00, 0x00, 0x00, 0x78, 0x80, 0x83, 0x5F, 0x8F, 0x83, 0x7F, 0xFF,
    0x85, 0x45, 0x33, 0xFB, 0x6F, 0x3A, 0x2C, 0xFF, 0x69, 0x37, 0x2A, 0xFF, 0x76, 0x3F, 0x30, 0xFF, 0x74, 0x3A, 0x29, 0xFE, 0x7F, 0x56, 0x4B, 0xFF,
    0x79, 0x7C, 0x7E, 0xE6, 0x77, 0x77, 0x77, 0x0F, 0x00, 0x00, 0x00, 0x00, 0xFF, 0xFF, 0xFF, 0x01, 0x00, 0x00, 0x00, 0x00, 0x00, 0x00, 0x00, 0x00,
    0x00, 0x00, 0x00, 0x00, 0x00, 0x00, 0x00, 0x00, 0x00, 0x00, 0x00, 0x00, 0x00, 0x00, 0x00, 0x00, 0x00, 0x00, 0x00, 0x00, 0x00, 0x00, 0x00, 0x00,
    0x00, 0x00, 0x00, 0x00, 0x00, 0x00, 0x00, 0x00, 0x00, 0x00, 0x00, 0x00, 0x00, 0x00, 0x00, 0x00, 0x00, 0x00, 0x00, 0x00, 0x00, 0x00, 0x00, 0x00,
    0x00, 0x00, 0x00, 0x00, 0x00, 0x00, 0x00, 0x00, 0x00, 0x00, 0x00, 0x00, 0x00, 0x00, 0x00, 0x00, 0x00, 0x00, 0x00, 0x00, 0x00, 0x00, 0x00, 0x00,
    0x00, 0x00, 0x00, 0x00, 0x00, 0x00, 0x00, 0x00, 0x00, 0x00, 0x00, 0x00, 0x00, 0x00, 0x00, 0x00, 0x00, 0x00, 0x00, 0x00, 0x00, 0x00, 0x00, 0x00,
    0x00, 0x00, 0x00, 0x00, 0x00, 0x00, 0x00, 0x00, 0x00, 0x00, 0x00, 0x00, 0x00, 0x00, 0x00, 0x00, 0x00, 0x00, 0x00, 0x00, 0x00, 0x00, 0x00, 0x00,
    0x00, 0x00, 0x00, 0x00, 0x00, 0x00, 0x00, 0x00, 0x00, 0x00, 0x00, 0x00, 0x00, 0x00, 0x00, 0x00, 0x00, 0x00, 0x00, 0x00, 0x00, 0x00, 0x00, 0x00,
    0x00, 0x00, 0x00, 0x00, 0x00, 0x00, 0x00, 0x00, 0x00, 0x00, 0x00, 0x00, 0x00, 0x00, 0x00, 0x00, 0x00, 0x00, 0x00, 0x00, 0x00, 0x00, 0x00, 0x00,
    0x00, 0x00, 0x00, 0x00, 0x00, 0x00, 0x00, 0x00, 0x00, 0x00, 0x00, 0x00, 0x00, 0x00, 0x00, 0x00, 0x00, 0x00, 0x00, 0x00, 0x00, 0x00, 0x00, 0x00,
    0x00, 0x00, 0x00, 0x00, 0x00, 0x00, 0x00, 0x00, 0x00, 0x00, 0x00, 0x00, 0x00, 0x00, 0x00, 0x00, 0x00, 0x00, 0x00, 0x00, 0x00, 0x00, 0x00, 0x00,
    0x00, 0x00, 0x00, 0x00, 0x00, 0x00, 0x00, 0x00, 0x00, 0x00, 0x00, 0x00, 0x00, 0x00, 0x00, 0x00, 0x00, 0x00, 0x00, 0x00, 0x00, 0x00, 0x00, 0x00,
    0x00, 0x00, 0x00, 0x00, 0x00, 0x00, 0x00, 0x00, 0x00, 0x00, 0x00, 0x00, 0x00, 0x00, 0x00, 0x00, 0x7F, 0x7F, 0x7F, 0x04, 0x00, 0x00, 0x00, 0x00,
    0x7E, 0x83, 0x83, 0x5F, 0x91, 0x8A, 0x89, 0xFF, 0x94, 0x6F, 0x65, 0xFB, 0x90, 0x6E, 0x65, 0xFF, 0x8B, 0x68, 0x5F, 0xFF, 0x8E, 0x6E, 0x64, 0xFF,
    0x90, 0x6D, 0x64, 0xFE, 0x8C, 0x75, 0x70, 0xFF, 0x7F, 0x80, 0x81, 0xE6, 0x77, 0x77, 0x77, 0x0F, 0x00, 0x00, 0x00, 0x00, 0xFF, 0xFF, 0xFF, 0x01,
    0x00, 0x00, 0x00, 0x00, 0x00, 0x00, 0x00, 0x00, 0x00, 0x00, 0x00, 0x00, 0x00, 0x00, 0x00, 0x00, 0x00, 0x00, 0x00, 0x00, 0x00, 0x00, 0x00, 0x00,
    0x00, 0x00, 0x00, 0x00, 0x00, 0x00, 0x00, 0x00, 0x00, 0x00, 0x00, 0x00, 0x00, 0x00, 0x00, 0x00, 0x00, 0x00, 0x00, 0x00, 0x00, 0x00, 0x00, 0x00,
    0x00, 0x00, 0x00, 0x00, 0x00, 0x00, 0x00, 0x00, 0x00, 0x00, 0x00, 0x00, 0x00, 0x00, 0x00, 0x00, 0x00, 0x00, 0x00, 0x00, 0x00, 0x00, 0x00, 0x00,
    0x00, 0x00, 0x00, 0x00, 0x00, 0x00, 0x00, 0x00, 0x00, 0x00, 0x00, 0x00, 0x00, 0x00, 0x00, 0x00, 0x00, 0x00, 0x00, 0x00, 0x00, 0x00, 0x00, 0x00,
    0x00, 0x00, 0x00, 0x00, 0x00, 0x00, 0x00, 0x00, 0x00, 0x00, 0x00, 0x00, 0x00, 0x00, 0x00, 0x00, 0x00, 0x00, 0x00, 0x00, 0x00, 0x00, 0x00, 0x00,
    0x00, 0x00, 0x00, 0x00, 0x00, 0x00, 0x00, 0x00, 0x00, 0x00, 0x00, 0x00, 0x00, 0x00, 0x00, 0x00, 0x00, 0x00, 0x00, 0x00, 0x00, 0x00, 0x00, 0x00,
    0x00, 0x00, 0x00, 0x00, 0x00, 0x00, 0x00, 0x00, 0x00, 0x00, 0x00, 0x00, 0x00, 0x00, 0x00, 0x00, 0x00, 0x00, 0x00, 0x00, 0x00, 0x00, 0x00, 0x00,
    0x00, 0x00, 0x00, 0x00, 0x00, 0x00, 0x00, 0x00, 0x00, 0x00, 0x00, 0x00, 0x00, 0x00, 0x00, 0x00, 0x00, 0x00, 0x00, 0x00, 0x00, 0x00, 0x00, 0x00,
    0x00, 0x00, 0x00, 0x00, 0x00, 0x00, 0x00, 0x00, 0x00, 0x00, 0x00, 0x00, 0x00, 0x00, 0x00, 0x00, 0x00, 0x00, 0x00, 0x00, 0x00, 0x00, 0x00, 0x00,
    0x00, 0x00, 0x00, 0x00, 0x00, 0x00, 0x00, 0x00, 0x00, 0x00, 0x00, 0x00, 0x00, 0x00, 0x00, 0x00, 0x00, 0x00, 0x00, 0x00, 0x00, 0x00, 0x00, 0x00,
    0x00, 0x00, 0x00, 0x00, 0x00, 0x00, 0x00, 0x00, 0x00, 0x00, 0x00, 0x00, 0x00, 0x00, 0x00, 0x00, 0x00, 0x00, 0x00, 0x00, 0x00, 0x00, 0x00, 0x00,
    0x7F, 0x7F, 0x7F, 0x04, 0x00, 0x00, 0x00, 0x00, 0x7E, 0x80, 0x83, 0x5F, 0x8A, 0x84, 0x81, 0xFF, 0x9A, 0x6A, 0x5C, 0xFB, 0x9F, 0x70, 0x63, 0xFF,
    0xA9, 0x93, 0x8D, 0xFF, 0xA5, 0x75, 0x68, 0xFF, 0xA8, 0x71, 0x61, 0xFE, 0x99, 0x76, 0x6D, 0xFF, 0x76, 0x78, 0x79, 0xE6, 0x88, 0x88, 0x77, 0x0F,
    0x00, 0x00, 0x00, 0x00, 0xFF, 0xFF, 0xFF, 0x01, 0x00, 0x00, 0x00, 0x00, 0x00, 0x00, 0x00, 0x00, 0x00, 0x00, 0x00, 0x00, 0x00, 0x00, 0x00, 0x00,
    0x00, 0x00, 0x00, 0x00, 0x00, 0x00, 0x00, 0x00, 0x00, 0x00, 0x00, 0x00, 0x00, 0x00, 0x00, 0x00, 0x00, 0x00, 0x00, 0x00, 0x00, 0x00, 0x00, 0x00,
    0x00, 0x00, 0x00, 0x00, 0x00, 0x00, 0x00, 0x00, 0x00, 0x00, 0x00, 0x00, 0x00, 0x00, 0x00, 0x00, 0x00, 0x00, 0x00, 0x00, 0x00, 0x00, 0x00, 0x00,
    0x00, 0x00, 0x00, 0x00, 0x00, 0x00, 0x00, 0x00, 0x00, 0x00, 0x00, 0x00, 0x00, 0x00, 0x00, 0x00, 0x00, 0x00, 0x00, 0x00, 0x00, 0x00, 0x00, 0x00,
    0x00, 0x00, 0x00, 0x00, 0x00, 0x00, 0x00, 0x00, 0x00, 0x00, 0x00, 0x00, 0x00, 0x00, 0x00, 0x00, 0x00, 0x00, 0x00, 0x00, 0x00, 0x00, 0x00, 0x00,
    0x00, 0x00, 0x00, 0x00, 0x00, 0x00, 0x00, 0x00, 0x00, 0x00, 0x00, 0x00, 0x00, 0x00, 0x00, 0x00, 0x00, 0x00, 0x00, 0x00, 0x00, 0x00, 0x00, 0x00,
    0x00, 0x00, 0x00, 0x00, 0x00, 0x00, 0x00, 0x00, 0x00, 0x00, 0x00, 0x00, 0x00, 0x00, 0x00, 0x00, 0x00, 0x00, 0x00, 0x00, 0x00, 0x00, 0x00, 0x00,
    0x00, 0x00, 0x00, 0x00, 0x00, 0x00, 0x00, 0x00, 0x00, 0x00, 0x00, 0x00, 0x00, 0x00, 0x00, 0x00, 0x00, 0x00, 0x00, 0x00, 0x00, 0x00, 0x00, 0x00,
    0x00, 0x00, 0x00, 0x00, 0x00, 0x00, 0x00, 0x00, 0x00, 0x00, 0x00, 0x00, 0x00, 0x00, 0x00, 0x00, 0x00, 0x00, 0x00, 0x00, 0x00, 0x00, 0x00, 0x00,
    0x00, 0x00, 0x00, 0x00, 0x00, 0x00, 0x00, 0x00, 0x00, 0x00, 0x00, 0x00, 0x00, 0x00, 0x00, 0x00, 0x00, 0x00, 0x00, 0x00, 0x00, 0x00, 0x00, 0x00,
    0x00, 0x00, 0x00, 0x00, 0x00, 0x00, 0x00, 0x00, 0x00, 0x00, 0x00, 0x00, 0x00, 0x00, 0x00, 0x00, 0x00, 0x00, 0x00, 0x00, 0x00, 0x00, 0x00, 0x00,
    0x00, 0x00, 0x00, 0x00, 0x00, 0x00, 0x00, 0x00, 0x7F, 0x7F, 0x7F, 0x04, 0x00, 0x00, 0x00, 0x00, 0x78, 0x7E, 0x80, 0x5F, 0x83, 0x7B, 0x79, 0xFF,
    0x7E, 0x41, 0x2F, 0xFB, 0x84, 0x48, 0x38, 0xFF, 0xAA, 0x90, 0x87, 0xFF, 0x9E, 0x5A, 0x47, 0xFF, 0x86, 0x41, 0x2E, 0xFE, 0x80, 0x56, 0x4B, 0xFF,
    0x7B, 0x7E, 0x7F, 0xE6, 0x77, 0x77, 0x66, 0x0F, 0x00, 0x00, 0x00, 0x00, 0xFF, 0xFF, 0xFF, 0x01, 0x00, 0x00, 0x00, 0x00, 0x00, 0x00, 0x00, 0x00,
    0x00, 0x00, 0x00, 0x00, 0x00, 0x00, 0x00, 0x00, 0x00, 0x00, 0x00, 0x00, 0x00, 0x00, 0x00, 0x00, 0x00, 0x00, 0x00, 0x00, 0x00, 0x00, 0x00, 0x00,
    0x00, 0x00, 0x00, 0x00, 0x00, 0x00, 0x00, 0x00, 0x00, 0x00, 0x00, 0x00, 0x00, 0x00, 0x00, 0x00, 0x00, 0x00, 0x00, 0x00, 0x00, 0x00, 0x00, 0x00,
    0x00, 0x00, 0x00, 0x00, 0x00, 0x00, 0x00, 0x00, 0x00, 0x00, 0x00, 0x00, 0x00, 0x00, 0x00, 0x00, 0x00, 0x00, 0x00, 0x00, 0x00, 0x00, 0x00, 0x00,
    0x00, 0x00, 0x00, 0x00, 0x00, 0x00, 0x00, 0x00, 0x00, 0x00, 0x00, 0x00, 0x00, 0x00, 0x00, 0x00, 0x00, 0x00, 0x00, 0x00, 0x00, 0x00, 0x00, 0x00,
    0x00, 0x00, 0x00, 0x00, 0x00, 0x00, 0x00, 0x00, 0x00, 0x00, 0x00, 0x00, 0x00, 0x00, 0x00, 0x00, 0x00, 0x00, 0x00, 0x00, 0x00, 0x00, 0x00, 0x00,
    0x00, 0x00, 0x00, 0x00, 0x00, 0x00, 0x00, 0x00, 0x00, 0x00, 0x00, 0x00, 0x00, 0x00, 0x00, 0x00, 0x00, 0x00, 0x00, 0x00, 0x00, 0x00, 0x00, 0x00,
    0x00, 0x00, 0x00, 0x00, 0x00, 0x00, 0x00, 0x00, 0x00, 0x00, 0x00, 0x00, 0x00, 0x00, 0x00, 0x00, 0x00, 0x00, 0x00, 0x00, 0x00, 0x00, 0x00, 0x00,
    0x00, 0x00, 0x00, 0x00, 0x00, 0x00, 0x00, 0x00, 0x00, 0x00, 0x00, 0x00, 0x00, 0x00, 0x00, 0x00, 0x00, 0x00, 0x00, 0x00, 0x00, 0x00, 0x00, 0x00,
    0x00, 0x00, 0x00, 0x00, 0x00, 0x00, 0x00, 0x00, 0x00, 0x00, 0x00, 0x00, 0x00, 0x00, 0x00, 0x00, 0x00, 0x00, 0x00, 0x00, 0x00, 0x00, 0x00, 0x00,
    0x00, 0x00, 0x00, 0x00, 0x00, 0x00, 0x00, 0x00, 0x00, 0x00, 0x00, 0x00, 0x00, 0x00, 0x00, 0x00, 0x00, 0x00, 0x00, 0x00, 0x00, 0x00, 0x00, 0x00,
    0x00, 0x00, 0x00, 0x00, 0x00, 0x00, 0x00, 0x00, 0x00, 0x00, 0x00, 0x00, 0x00, 0x00, 0x00, 0x00, 0x7F, 0x7F, 0x7F, 0x04, 0x00, 0x00, 0x00, 0x00,
    0x76, 0x78, 0x7B, 0x5F, 0x7C, 0x74, 0x72, 0xFF, 0x6B, 0x3A, 0x2D, 0xFB, 0x78, 0x46, 0x39, 0xFF, 0xAE, 0x94, 0x8C, 0xFF, 0xA0, 0x61, 0x4E, 0xFF,
    0x72, 0x3D, 0x2F, 0xFE, 0x7A, 0x55, 0x4B, 0xFF, 0x6B, 0x6D, 0x6E, 0xE6, 0x77, 0x66, 0x66, 0x0F, 0x00, 0x00, 0x00, 0x00, 0x00, 0x00, 0x00, 0x01,
    0x00, 0x00, 0x00, 0x00, 0x00, 0x00, 0x00, 0x00, 0x00, 0x00, 0x00, 0x00, 0x00, 0x00, 0x00, 0x00, 0x00, 0x00, 0x00, 0x00, 0x00, 0x00, 0x00, 0x00,
    0x00, 0x00, 0x00, 0x00, 0x00, 0x00, 0x00, 0x00, 0x00, 0x00, 0x00, 0x00, 0x00, 0x00, 0x00, 0x00, 0x00, 0x00, 0x00, 0x00, 0x00, 0x00, 0x00, 0x00,
    0x00, 0x00, 0x00, 0x00, 0x00, 0x00, 0x00, 0x00, 0x00, 0x00, 0x00, 0x00, 0x00, 0x00, 0x00, 0x00, 0x00, 0x00, 0x00, 0x00, 0x00, 0x00, 0x00, 0x00,
    0x00, 0x00, 0x00, 0x00, 0x00, 0x00, 0x00, 0x00, 0x00, 0x00, 0x00, 0x00, 0x00, 0x00, 0x00, 0x00, 0x00, 0x00, 0x00, 0x00, 0x00, 0x00, 0x00, 0x00,
    0x00, 0x00, 0x00, 0x00, 0x00, 0x00, 0x00, 0x00, 0x00, 0x00, 0x00, 0x00, 0x00, 0x00, 0x00, 0x00, 0x00, 0x00, 0x00, 0x00, 0x00, 0x00, 0x00, 0x00,
    0x00, 0x00, 0x00, 0x00, 0x00, 0x00, 0x00, 0x00, 0x00, 0x00, 0x00, 0x00, 0x00, 0x00, 0x00, 0x00, 0x00, 0x00, 0x00, 0x00, 0x00, 0x00, 0x00, 0x00,
    0x00, 0x00, 0x00, 0x00, 0x00, 0x00, 0x00, 0x00, 0x00, 0x00, 0x00, 0x00, 0x00, 0x00, 0x00, 0x00, 0x00, 0x00, 0x00, 0x00, 0x00, 0x00, 0x00, 0x00,
    0x00, 0x00, 0x00, 0x00, 0x00, 0x00, 0x00, 0x00, 0x00, 0x00, 0x00, 0x00, 0x00, 0x00, 0x00, 0x00, 0x00, 0x00, 0x00, 0x00, 0x00, 0x00, 0x00, 0x00,
    0x00, 0x00, 0x00, 0x00, 0x00, 0x00, 0x00, 0x00, 0x00, 0x00, 0x00, 0x00, 0x00, 0x00, 0x00, 0x00, 0x00, 0x00, 0x00, 0x00, 0x00, 0x00, 0x00, 0x00,
    0x00, 0x00, 0x00, 0x00, 0x00, 0x00, 0x00, 0x00, 0x00, 0x00, 0x00, 0x00, 0x00, 0x00, 0x00, 0x00, 0x00, 0x00, 0x00, 0x00, 0x00, 0x00, 0x00, 0x00,
    0x00, 0x00, 0x00, 0x00, 0x00, 0x00, 0x00, 0x00, 0x00, 0x00, 0x00, 0x00, 0x00, 0x00, 0x00, 0x00, 0x00, 0x00, 0x00, 0x00, 0x00, 0x00, 0x00, 0x00,
    0x3F, 0x3F, 0x3F, 0x04, 0x00, 0x00, 0x00, 0x00, 0x60, 0x60, 0x63, 0x5F, 0x72, 0x6E, 0x6D, 0xFF, 0x97, 0x7B, 0x73, 0xFB, 0x9A, 0x7E, 0x76, 0xFF,
    0xB0, 0x99, 0x91, 0xFF, 0xA0, 0x83, 0x7A, 0xFF, 0x99, 0x7C, 0x74, 0xFE, 0x8C, 0x78, 0x73, 0xFF, 0x61, 0x62, 0x62, 0xE6, 0x66, 0x66, 0x66, 0x0F,
    0x00, 0x00, 0x00, 0x00, 0x00, 0x00, 0x00, 0x01, 0x00, 0x00, 0x00, 0x00, 0x00, 0x00, 0x00, 0x00, 0x00, 0x00, 0x00, 0x00, 0x00, 0x00, 0x00, 0x00,
    0x00, 0x00, 0x00, 0x00, 0x00, 0x00, 0x00, 0x00, 0x00, 0x00, 0x00, 0x00, 0x00, 0x00, 0x00, 0x00, 0x00, 0x00, 0x00, 0x00, 0x00, 0x00, 0x00, 0x00,
    0x00, 0x00, 0x00, 0x00, 0x00, 0x00, 0x00, 0x00, 0x00, 0x00, 0x00, 0x00, 0x00, 0x00, 0x00, 0x00, 0x00, 0x00, 0x00, 0x00, 0x00, 0x00, 0x00, 0x00,
    0x00, 0x00, 0x00, 0x00, 0x00, 0x00, 0x00, 0x00, 0x00, 0x00, 0x00, 0x00, 0x00, 0x00, 0x00, 0x00, 0x00, 0x00, 0x00, 0x00, 0x00, 0x00, 0x00, 0x00,
    0x00, 0x00, 0x00, 0x00, 0x00, 0x00, 0x00, 0x00, 0x00, 0x00, 0x00, 0x00, 0x00, 0x00, 0x00, 0x00, 0x00, 0x00, 0x00, 0x00, 0x00, 0x00, 0x00, 0x00,
    0x00, 0x00, 0x00, 0x00, 0x00, 0x00, 0x00, 0x00, 0x00, 0x00, 0x00, 0x00, 0x00, 0x00, 0x00, 0x00, 0x00, 0x00, 0x00, 0x00, 0x00, 0x00, 0x00, 0x00,
    0x00, 0x00, 0x00, 0x00, 0x00, 0x00, 0x00, 0x00, 0x00, 0x00, 0x00, 0x00, 0x00, 0x00, 0x00, 0x00, 0x00, 0x00, 0x00, 0x00, 0x00, 0x00, 0x00, 0x00,
    0x00, 0x00, 0x00, 0x00, 0x00, 0x00, 0x00, 0x00, 0x00, 0x00, 0x00, 0x00, 0x00, 0x00, 0x00, 0x00, 0x00, 0x00, 0x00, 0x00, 0x00, 0x00, 0x00, 0x00,
    0x00, 0x00, 0x00, 0x00, 0x00, 0x00, 0x00, 0x00, 0x00, 0x00, 0x00, 0x00, 0x00, 0x00, 0x00, 0x00, 0x00, 0x00, 0x00, 0x00, 0x00, 0x00, 0x00, 0x00,
    0x00, 0x00, 0x00, 0x00, 0x00, 0x00, 0x00, 0x00, 0x00, 0x00, 0x00, 0x00, 0x00, 0x00, 0x00, 0x00, 0x00, 0x00, 0x00, 0x00, 0x00, 0x00, 0x00, 0x00,
    0x00, 0x00, 0x00, 0x00, 0x00, 0x00, 0x00, 0x00, 0x00, 0x00, 0x00, 0x00, 0x00, 0x00, 0x00, 0x00, 0x00, 0x00, 0x00, 0x00, 0x00, 0x00, 0x00, 0x00,
    0x00, 0x00, 0x00, 0x00, 0x00, 0x00, 0x00, 0x00, 0x7F, 0x7F, 0x7F, 0x04, 0x00, 0x00, 0x00, 0x00, 0x8B, 0x93, 0x93, 0x5F, 0x9C, 0x92, 0x90, 0xFF,
    0x9B, 0x5C, 0x4B, 0xFB, 0xA2, 0x62, 0x50, 0xFF, 0xAB, 0x66, 0x54, 0xFF, 0x9F, 0x60, 0x4F, 0xFF, 0x9C, 0x5B, 0x49, 0xFE, 0x98, 0x6D, 0x62, 0xFF,
    0x88, 0x8B, 0x8C, 0xE6, 0x99, 0x88, 0x88, 0x0F, 0x00, 0x00, 0x00, 0x00, 0xFF, 0xFF, 0xFF, 0x01, 0x00, 0x00, 0x00, 0x00, 0x00, 0x00, 0x00, 0x00,
    0x00, 0x00, 0x00, 0x00, 0x00, 0x00, 0x00, 0x00, 0x00, 0x00, 0x00, 0x00, 0x00, 0x00, 0x00, 0x00, 0x00, 0x00, 0x00, 0x00, 0x00, 0x00, 0x00, 0x00,
    0x00, 0x00, 0x00, 0x00, 0x00, 0x00, 0x00, 0x00, 0x00, 0x00, 0x00, 0x00, 0x00, 0x00, 0x00, 0x00, 0x00, 0x00, 0x00, 0x00, 0x00, 0x00, 0x00, 0x00,
    0x00, 0x00, 0x00, 0x00, 0x00, 0x00, 0x00, 0x00, 0x00, 0x00, 0x00, 0x00, 0x00, 0x00, 0x00, 0x00, 0x00, 0x00, 0x00, 0x00, 0x00, 0x00, 0x00, 0x00,
    0x00, 0x00, 0x00, 0x00, 0x00, 0x00, 0x00, 0x00, 0x00, 0x00, 0x00, 0x00, 0x00, 0x00, 0x00, 0x00, 0x00, 0x00, 0x00, 0x00, 0x00, 0x00, 0x00, 0x00,
    0x00, 0x00, 0x00, 0x00, 0x00, 0x00, 0x00, 0x00, 0x00, 0x00, 0x00, 0x00, 0x00, 0x00, 0x00, 0x00, 0x00, 0x00, 0x00, 0x00, 0x00, 0x00, 0x00, 0x00,
    0x00, 0x00, 0x00, 0x00, 0x00, 0x00, 0x00, 0x00, 0x00, 0x00, 0x00, 0x00, 0x00, 0x00, 0x00, 0x00, 0x00, 0x00, 0x00, 0x00, 0x00, 0x00, 0x00, 0x00,
    0x00, 0x00, 0x00, 0x00, 0x00, 0x00, 0x00, 0x00, 0x00, 0x00, 0x00, 0x00, 0x00, 0x00, 0x00, 0x00, 0x00, 0x00, 0x00, 0x00, 0x00, 0x00, 0x00, 0x00,
    0x00, 0x00, 0x00, 0x00, 0x00, 0x00, 0x00, 0x00, 0x00, 0x00, 0x00, 0x00, 0x00, 0x00, 0x00, 0x00, 0x00, 0x00, 0x00, 0x00, 0x00, 0x00, 0x00, 0x00,
    0x00, 0x00, 0x00, 0x00, 0x00, 0x00, 0x00, 0x00, 0x00, 0x00, 0x00, 0x00, 0x00, 0x00, 0x00, 0x00, 0x00, 0x00, 0x00, 0x00, 0x00, 0x00, 0x00, 0x00,
    0x00, 0x00, 0x00, 0x00, 0x00, 0x00, 0x00, 0x00, 0x00, 0x00, 0x00, 0x00, 0x00, 0x00, 0x00, 0x00, 0x00, 0x00, 0x00, 0x00, 0x00, 0x00, 0x00, 0x00,
    0x00, 0x00, 0x00, 0x00, 0x00, 0x00, 0x00, 0x00, 0x00, 0x00, 0x00, 0x00, 0x00, 0x00, 0x00, 0x00, 0x7F, 0x7F, 0x7F, 0x04, 0x00, 0x00, 0x00, 0x00,
    0x70, 0x78, 0x7B, 0x5F, 0x89, 0x7E, 0x7B, 0xFF, 0x82, 0x43, 0x31, 0xFB, 0x77, 0x3D, 0x2E, 0xFF, 0x7D, 0x41, 0x32, 0xFF, 0x82, 0x45, 0x34, 0xFF,
    0x84, 0x41, 0x2E, 0xFE, 0x7F, 0x56, 0x4C, 0xFF, 0x81, 0x83, 0x85, 0xE6, 0x77, 0x66, 0x66, 0x0F, 0x00, 0x00, 0x00, 0x00, 0xFF, 0xFF, 0xFF, 0x01,
    0x00, 0x00, 0x00, 0x00, 0x00, 0x00, 0x00, 0x00, 0x00, 0x00, 0x00, 0x00, 0x00, 0x00, 0x00, 0x00, 0x00, 0x00, 0x00, 0x00, 0x00, 0x00, 0x00, 0x00,
    0x00, 0x00, 0x00, 0x00, 0x00, 0x00, 0x00, 0x00, 0x00, 0x00, 0x00, 0x00, 0x00, 0x00, 0x00, 0x00, 0x00, 0x00, 0x00, 0x00, 0x00, 0x00, 0x00, 0x00,
    0x00, 0x00, 0x00, 0x00, 0x00, 0x00, 0x00, 0x00, 0x00, 0x00, 0x00, 0x00, 0x00, 0x00, 0x00, 0x00, 0x00, 0x00, 0x00, 0x00, 0x00, 0x00, 0x00, 0x00,
    0x00, 0x00, 0x00, 0x00, 0x00, 0x00, 0x00, 0x00, 0x00, 0x00, 0x00, 0x00, 0x00, 0x00, 0x00, 0x00, 0x00, 0x00, 0x00, 0x00, 0x00, 0x00, 0x00, 0x00,
    0x00, 0x00, 0x00, 0x00, 0x00, 0x00, 0x00, 0x00, 0x00, 0x00, 0x00, 0x00, 0x00, 0x00, 0x00, 0x00, 0x00, 0x00, 0x00, 0x00, 0x00, 0x00, 0x00, 0x00,
    0x00, 0x00, 0x00, 0x00, 0x00, 0x00, 0x00, 0x00, 0x00, 0x00, 0x00, 0x00, 0x00, 0x00, 0x00, 0x00, 0x00, 0x00, 0x00, 0x00, 0x00, 0x00, 0x00, 0x00,
    0x00, 0x00, 0x00, 0x00, 0x00, 0x00, 0x00, 0x00, 0x00, 0x00, 0x00, 0x00, 0x00, 0x00, 0x00, 0x00, 0x00, 0x00, 0x00, 0x00, 0x00, 0x00, 0x00, 0x00,
    0x00, 0x00, 0x00, 0x00, 0x00, 0x00, 0x00, 0x00, 0x00, 0x00, 0x00, 0x00, 0x00, 0x00, 0x00, 0x00, 0x00, 0x00, 0x00, 0x00, 0x00, 0x00, 0x00, 0x00,
    0x00, 0x00, 0x00, 0x00, 0x00, 0x00, 0x00, 0x00, 0x00, 0x00, 0x00, 0x00, 0x00, 0x00, 0x00, 0x00, 0x00, 0x00, 0x00, 0x00, 0x00, 0x00, 0x00, 0x00,
    0x00, 0x00, 0x00, 0x00, 0x00, 0x00, 0x00, 0x00, 0x00, 0x00, 0x00, 0x00, 0x00, 0x00, 0x00, 0x00, 0x00, 0x00, 0x00, 0x00, 0x00, 0x00, 0x00, 0x00,
    0x00, 0x00, 0x00, 0x00, 0x00, 0x00, 0x00, 0x00, 0x00, 0x00, 0x00, 0x00, 0x00, 0x00, 0x00, 0x00, 0x00, 0x00, 0x00, 0x00, 0x00, 0x00, 0x00, 0x00,
    0x7F, 0x7F, 0x7F, 0x04, 0x00, 0x00, 0x00, 0x00, 0x70, 0x78, 0x7B, 0x5F, 0x87, 0x7F, 0x7D, 0xFF, 0x89, 0x58, 0x4B, 0xFB, 0x6F, 0x4A, 0x40, 0xFF,
    0x7D, 0x50, 0x44, 0xFF, 0x79, 0x51, 0x46, 0xFF, 0x84, 0x55, 0x46, 0xFE, 0x83, 0x64, 0x5C, 0xFF, 0x7C, 0x7E, 0x7E, 0xE6, 0x77, 0x77, 0x77, 0x0F,
    0x00, 0x00, 0x00, 0x00, 0xFF, 0xFF, 0xFF, 0x01, 0x00, 0x00, 0x00, 0x00, 0x00, 0x00, 0x00, 0x00, 0x00, 0x00, 0x00, 0x00, 0x00, 0x00, 0x00, 0x00,
    0x00, 0x00, 0x00, 0x00, 0x00, 0x00, 0x00, 0x00, 0x00, 0x00, 0x00, 0x00, 0x00, 0x00, 0x00, 0x00, 0x00, 0x00, 0x00, 0x00, 0x00, 0x00, 0x00, 0x00,
    0x00, 0x00, 0x00, 0x00, 0x00, 0x00, 0x00, 0x00, 0x00, 0x00, 0x00, 0x00, 0x00, 0x00, 0x00, 0x00, 0x00, 0x00, 0x00, 0x00, 0x00, 0x00, 0x00, 0x00,
    0x00, 0x00, 0x00, 0x00, 0x00, 0x00, 0x00, 0x00, 0x00, 0x00, 0x00, 0x00, 0x00, 0x00, 0x00, 0x00, 0x00, 0x00, 0x00, 0x00, 0x00, 0x00, 0x00, 0x00,
    0x00, 0x00, 0x00, 0x00, 0x00, 0x00, 0x00, 0x00, 0x00, 0x00, 0x00, 0x00, 0x00, 0x00, 0x00, 0x00, 0x00, 0x00, 0x00, 0x00, 0x00, 0x00, 0x00, 0x00,
    0x00, 0x00, 0x00, 0x00, 0x00, 0x00, 0x00, 0x00, 0x00, 0x00, 0x00, 0x00, 0x00, 0x00, 0x00, 0x00, 0x00, 0x00, 0x00, 0x00, 0x00, 0x00, 0x00, 0x00,
    0x00, 0x00, 0x00, 0x00, 0x00, 0x00, 0x00, 0x00, 0x00, 0x00, 0x00, 0x00, 0x00, 0x00, 0x00, 0x00, 0x00, 0x00, 0x00, 0x00, 0x00, 0x00, 0x00, 0x00,
    0x00, 0x00, 0x00, 0x00, 0x00, 0x00, 0x00, 0x00, 0x00, 0x00, 0x00, 0x00, 0x00, 0x00, 0x00, 0x00, 0x00, 0x00, 0x00, 0x00, 0x00, 0x00, 0x00, 0x00,
    0x00, 0x00, 0x00, 0x00, 0x00, 0x00, 0x00, 0x00, 0x00, 0x00, 0x00, 0x00, 0x00, 0x00, 0x00, 0x00, 0x00, 0x00, 0x00, 0x00, 0x00, 0x00, 0x00, 0x00,
    0x00, 0x00, 0x00, 0x00, 0x00, 0x00, 0x00, 0x00, 0x00, 0x00, 0x00, 0x00, 0x00, 0x00, 0x00, 0x00, 0x00, 0x00, 0x00, 0x00, 0x00, 0x00, 0x00, 0x00,
    0x00, 0x00, 0x00, 0x00, 0x00, 0x00, 0x00, 0x00, 0x00, 0x00, 0x00, 0x00, 0x00, 0x00, 0x00, 0x00, 0x00, 0x00, 0x00, 0x00, 0x00, 0x00, 0x00, 0x00,
    0x00, 0x00, 0x00, 0x00, 0x00, 0x00, 0x00, 0x00, 0x7F, 0x7F, 0x7F, 0x04, 0x00, 0x00, 0x00, 0x00, 0x88, 0x8B, 0x8B, 0x5F, 0x97, 0x92, 0x90, 0xFF,
    0xA0, 0x7E, 0x75, 0xFB, 0xA0, 0x80, 0x77, 0xFF, 0xA2, 0x8C, 0x86, 0xFF, 0x9E, 0x80, 0x77, 0xFF, 0xA7, 0x83, 0x78, 0xFE, 0x95, 0x80, 0x79, 0xFF,
    0x74, 0x76, 0x76, 0xE6, 0x88, 0x77, 0x77, 0x0F, 0x00, 0x00, 0x00, 0x00, 0xFF, 0xFF, 0xFF, 0x01, 0x00, 0x00, 0x00, 0x00, 0x00, 0x00, 0x00, 0x00,
    0x00, 0x00, 0x00, 0x00, 0x00, 0x00, 0x00, 0x00, 0x00, 0x00, 0x00, 0x00, 0x00, 0x00, 0x00, 0x00, 0x00, 0x00, 0x00, 0x00, 0x00, 0x00, 0x00, 0x00,
    0x00, 0x00, 0x00, 0x00, 0x00, 0x00, 0x00, 0x00, 0x00, 0x00, 0x00, 0x00, 0x00, 0x00, 0x00, 0x00, 0x00, 0x00, 0x00, 0x00, 0x00, 0x00, 0x00, 0x00,
    0x00, 0x00, 0x00, 0x00, 0x00, 0x00, 0x00, 0x00, 0x00, 0x00, 0x00, 0x00, 0x00, 0x00, 0x00, 0x00, 0x00, 0x00, 0x00, 0x00, 0x00, 0x00, 0x00, 0x00,
    0x00, 0x00, 0x00, 0x00, 0x00, 0x00, 0x00, 0x00, 0x00, 0x00, 0x00, 0x00, 0x00, 0x00, 0x00, 0x00, 0x00, 0x00, 0x00, 0x00, 0x00, 0x00, 0x00, 0x00,
    0x00, 0x00, 0x00, 0x00, 0x00, 0x00, 0x00, 0x00, 0x00, 0x00, 0x00, 0x00, 0x00, 0x00, 0x00, 0x00, 0x00, 0x00, 0x00, 0x00, 0x00, 0x00, 0x00, 0x00,
    0x00, 0x00, 0x00, 0x00, 0x00, 0x00, 0x00, 0x00, 0x00, 0x00, 0x00, 0x00, 0x00, 0x00, 0x00, 0x00, 0x00, 0x00, 0x00, 0x00, 0x00, 0x00, 0x00, 0x00,
    0x00, 0x00, 0x00, 0x00, 0x00, 0x00, 0x00, 0x00, 0x00, 0x00, 0x00, 0x00, 0x00, 0x00, 0x00, 0x00, 0x00, 0x00, 0x00, 0x00, 0x00, 0x00, 0x00, 0x00,
    0x00, 0x00, 0x00, 0x00, 0x00, 0x00, 0x00, 0x00, 0x00, 0x00, 0x00, 0x00, 0x00, 0x00, 0x00, 0x00, 0x00, 0x00, 0x00, 0x00, 0x00, 0x00, 0x00, 0x00,
    0x00, 0x00, 0x00, 0x00, 0x00, 0x00, 0x00, 0x00, 0x00, 0x00, 0x00, 0x00, 0x00, 0x00, 0x00, 0x00, 0x00, 0x00, 0x00, 0x00, 0x00, 0x00, 0x00, 0x00,
    0x00, 0x00, 0x00, 0x00, 0x00, 0x00, 0x00, 0x00, 0x00, 0x00, 0x00, 0x00, 0x00, 0x00, 0x00, 0x00, 0x00, 0x00, 0x00, 0x00, 0x00, 0x00, 0x00, 0x00,
    0x00, 0x00, 0x00, 0x00, 0x00, 0x00, 0x00, 0x00, 0x00, 0x00, 0x00, 0x00, 0x00, 0x00, 0x00, 0x00, 0x7F, 0x7F, 0x7F, 0x04, 0x00, 0x00, 0x00, 0x00,
    0x82, 0x8A, 0x8A, 0x5E, 0x8F, 0x85, 0x82, 0xFF, 0x91, 0x4C, 0x39, 0xFB, 0x87, 0x4A, 0x39, 0xFF, 0xA4, 0x89, 0x83, 0xFF, 0x99, 0x58, 0x47, 0xFF,
    0x9D, 0x50, 0x3C, 0xFE, 0x8F, 0x61, 0x54, 0xFF, 0x7E, 0x83, 0x83, 0xE5, 0x77, 0x77, 0x66, 0x0F, 0x00, 0x00, 0x00, 0x00, 0xFF, 0xFF, 0xFF, 0x01,
    0x00, 0x00, 0x00, 0x00, 0x00, 0x00, 0x00, 0x00, 0x00, 0x00, 0x00, 0x00, 0x00, 0x00, 0x00, 0x00, 0x00, 0x00, 0x00, 0x00, 0x00, 0x00, 0x00, 0x00,
    0x00, 0x00, 0x00, 0x00, 0x00, 0x00, 0x00, 0x00, 0x00, 0x00, 0x00, 0x00, 0x00, 0x00, 0x00, 0x00, 0x00, 0x00, 0x00, 0x00, 0x00, 0x00, 0x00, 0x00,
    0x00, 0x00, 0x00, 0x00, 0x00, 0x00, 0x00, 0x00, 0x00, 0x00, 0x00, 0x00, 0x00, 0x00, 0x00, 0x00, 0x00, 0x00, 0x00, 0x00, 0x00, 0x00, 0x00, 0x00,
    0x00, 0x00, 0x00, 0x00, 0x00, 0x00, 0x00, 0x00, 0x00, 0x00, 0x00, 0x00, 0x00, 0x00, 0x00, 0x00, 0x00, 0x00, 0x00, 0x00, 0x00, 0x00, 0x00, 0x00,
    0x00, 0x00, 0x00, 0x00, 0x00, 0x00, 0x00, 0x00, 0x00, 0x00, 0x00, 0x00, 0x00, 0x00, 0x00, 0x00, 0x00, 0x00, 0x00, 0x00, 0x00, 0x00, 0x00, 0x00,
    0x00, 0x00, 0x00, 0x00, 0x00, 0x00, 0x00, 0x00, 0x00, 0x00, 0x00, 0x00, 0x00, 0x00, 0x00, 0x00, 0x00, 0x00, 0x00, 0x00, 0x00, 0x00, 0x00, 0x00,
    0x00, 0x00, 0x00, 0x00, 0x00, 0x00, 0x00, 0x00, 0x00, 0x00, 0x00, 0x00, 0x00, 0x00, 0x00, 0x00, 0x00, 0x00, 0x00, 0x00, 0x00, 0x00, 0x00, 0x00,
    0x00, 0x00, 0x00, 0x00, 0x00, 0x00, 0x00, 0x00, 0x00, 0x00, 0x00, 0x00, 0x00, 0x00, 0x00, 0x00, 0x00, 0x00, 0x00, 0x00, 0x00, 0x00, 0x00, 0x00,
    0x00, 0x00, 0x00, 0x00, 0x00, 0x00, 0x00, 0x00, 0x00, 0x00, 0x00, 0x00, 0x00, 0x00, 0x00, 0x00, 0x00, 0x00, 0x00, 0x00, 0x00, 0x00, 0x00, 0x00,
    0x00, 0x00, 0x00, 0x00, 0x00, 0x00, 0x00, 0x00, 0x00, 0x00, 0x00, 0x00, 0x00, 0x00, 0x00, 0x00, 0x00, 0x00, 0x00, 0x00, 0x00, 0x00, 0x00, 0x00,
    0x00, 0x00, 0x00, 0x00, 0x00, 0x00, 0x00, 0x00, 0x00, 0x00, 0x00, 0x00, 0x00, 0x00, 0x00, 0x00, 0x00, 0x00, 0x00, 0x00, 0x00, 0x00, 0x00, 0x00,
    0x7F, 0x7F, 0x7F, 0x04, 0x00, 0x00, 0x00, 0x00, 0x75, 0x7A, 0x7C, 0x62, 0x7D, 0x75, 0x73, 0xFD, 0x7C, 0x41, 0x30, 0xF6, 0x74, 0x41, 0x33, 0xFB,
    0xAA, 0x8F, 0x89, 0xFB, 0x9E, 0x5C, 0x4A, 0xFB, 0x79, 0x3C, 0x2B, 0xFA, 0x7E, 0x58, 0x4D, 0xFB, 0x7C, 0x7F, 0x80, 0xE8, 0x7F, 0x7F, 0x6F, 0x10,
    0x00, 0x00, 0x00, 0x00, 0xFF, 0xFF, 0xFF, 0x01, 0x00, 0x00, 0x00, 0x00, 0x00, 0x00, 0x00, 0x00, 0x00, 0x00, 0x00, 0x00, 0x00, 0x00, 0x00, 0x00,
    0x00, 0x00, 0x00, 0x00, 0x00, 0x00, 0x00, 0x00, 0x00, 0x00, 0x00, 0x00, 0x00, 0x00, 0x00, 0x00, 0x00, 0x00, 0x00, 0x00, 0x00, 0x00, 0x00, 0x00,
    0x00, 0x00, 0x00, 0x00, 0x00, 0x00, 0x00, 0x00, 0x00, 0x00, 0x00, 0x00, 0x00, 0x00, 0x00, 0x00, 0x00, 0x00, 0x00, 0x00, 0x00, 0x00, 0x00, 0x00,
    0x00, 0x00, 0x00, 0x00, 0x00, 0x00, 0x00, 0x00, 0x00, 0x00, 0x00, 0x00, 0x00, 0x00, 0x00, 0x00, 0x00, 0x00, 0x00, 0x00, 0x00, 0x00, 0x00, 0x00,
    0x00, 0x00, 0x00, 0x00, 0x00, 0x00, 0x00, 0x00, 0x00, 0x00, 0x00, 0x00, 0x00, 0x00, 0x00, 0x00, 0x00, 0x00, 0x00, 0x00, 0x00, 0x00, 0x00, 0x00,
    0x00, 0x00, 0x00, 0x00, 0x00, 0x00, 0x00, 0x00, 0x00, 0x00, 0x00, 0x00, 0x00, 0x00, 0x00, 0x00, 0x00, 0x00, 0x00, 0x00, 0x00, 0x00, 0x00, 0x00,
    0x00, 0x00, 0x00, 0x00, 0x00, 0x00, 0x00, 0x00, 0x00, 0x00, 0x00, 0x00, 0x00, 0x00, 0x00, 0x00, 0x00, 0x00, 0x00, 0x00, 0x00, 0x00, 0x00, 0x00,
    0x00, 0x00, 0x00, 0x00, 0x00, 0x00, 0x00, 0x00, 0x00, 0x00, 0x00, 0x00, 0x00, 0x00, 0x00, 0x00, 0x00, 0x00, 0x00, 0x00, 0x00, 0x00, 0x00, 0x00,
    0x00, 0x00, 0x00, 0x00, 0x00, 0x00, 0x00, 0x00, 0x00, 0x00, 0x00, 0x00, 0x00, 0x00, 0x00, 0x00, 0x00, 0x00, 0x00, 0x00, 0x00, 0x00, 0x00, 0x00,
    0x00, 0x00, 0x00, 0x00, 0x00, 0x00, 0x00, 0x00, 0x00, 0x00, 0x00, 0x00, 0x00, 0x00, 0x00, 0x00, 0x00, 0x00, 0x00, 0x00, 0x00, 0x00, 0x00, 0x00,
    0x00, 0x00, 0x00, 0x00, 0x00, 0x00, 0x00, 0x00, 0x00, 0x00, 0x00, 0x00, 0x00, 0x00, 0x00, 0x00, 0x00, 0x00, 0x00, 0x00, 0x00, 0x00, 0x00, 0x00,
    0x00, 0x00, 0x00, 0x00, 0x00, 0x00, 0x00, 0x00, 0x55, 0x55, 0x55, 0x03, 0x00, 0x00, 0x00, 0x00, 0x66, 0x69, 0x69, 0x46, 0x6E, 0x6C, 0x6B, 0xFF,
    0x74, 0x65, 0x61, 0xFF, 0x76, 0x67, 0x64, 0xFF, 0x7C, 0x75, 0x73, 0xFF, 0x7F, 0x6F, 0x6B, 0xFF, 0x73, 0x64, 0x5F, 0xFF, 0x79, 0x6F, 0x6D, 0xFF,
    0x69, 0x69, 0x69, 0xD3, 0x55, 0x55, 0x55, 0x06, 0x00, 0x00, 0x00, 0x01, 0x00, 0x00, 0x00, 0x01, 0x00, 0x00, 0x00, 0x00, 0x00, 0x00, 0x00, 0x00,
    0x00, 0x00, 0x00, 0x00, 0x00, 0x00, 0x00, 0x00, 0x00, 0x00, 0x00, 0x00, 0x00, 0x00, 0x00, 0x00, 0x00, 0x00, 0x00, 0x00, 0x00, 0x00, 0x00, 0x00,
    0x00, 0x00, 0x00, 0x00, 0x00, 0x00, 0x00, 0x00, 0x00, 0x00, 0x00, 0x00, 0x00, 0x00, 0x00, 0x00, 0x00, 0x00, 0x00, 0x00, 0x00, 0x00, 0x00, 0x00,
    0x00, 0x00, 0x00, 0x00, 0x00, 0x00, 0x00, 0x00, 0x00, 0x00, 0x00, 0x00, 0x00, 0x00, 0x00, 0x00, 0x00, 0x00, 0x00, 0x00, 0x00, 0x00, 0x00, 0x00,
    0x00, 0x00, 0x00, 0x00, 0x00, 0x00, 0x00, 0x00, 0x00, 0x00, 0x00, 0x00, 0x00, 0x00, 0x00, 0x00, 0x00, 0x00, 0x00, 0x00, 0x00, 0x00, 0x00, 0x00,
    0x00, 0x00, 0x00, 0x00, 0x00, 0x00, 0x00, 0x00, 0x00, 0x00, 0x00, 0x00, 0x00, 0x00, 0x00, 0x00, 0x00, 0x00, 0x00, 0x00, 0x00, 0x00, 0x00, 0x00,
    0x00, 0x00, 0x00, 0x00, 0x00, 0x00, 0x00, 0x00, 0x00, 0x00, 0x00, 0x00, 0x00, 0x00, 0x00, 0x00, 0x00, 0x00, 0x00, 0x00, 0x00, 0x00, 0x00, 0x00,
    0x00, 0x00, 0x00, 0x00, 0x00, 0x00, 0x00, 0x00, 0x00, 0x00, 0x00, 0x00, 0x00, 0x00, 0x00, 0x00, 0x00, 0x00, 0x00, 0x00, 0x00, 0x00, 0x00, 0x00,
    0x00, 0x00, 0x00, 0x00, 0x00, 0x00, 0x00, 0x00, 0x00, 0x00, 0x00, 0x00, 0x00, 0x00, 0x00, 0x00, 0x00, 0x00, 0x00, 0x00, 0x00, 0x00, 0x00, 0x00,
    0x00, 0x00, 0x00, 0x00, 0x00, 0x00, 0x00, 0x00, 0x00, 0x00, 0x00, 0x00, 0x00, 0x00, 0x00, 0x00, 0x00, 0x00, 0x00, 0x00, 0x00, 0x00, 0x00, 0x00,
    0x00, 0x00, 0x00, 0x00, 0x00, 0x00, 0x00, 0x00, 0x00, 0x00, 0x00, 0x00, 0x00, 0x00, 0x00, 0x00, 0x00, 0x00, 0x00, 0x00, 0x00, 0x00, 0x00, 0x00,
    0x00, 0x00, 0x00, 0x00, 0x00, 0x00, 0x00, 0x00, 0x00, 0x00, 0x00, 0x00, 0x00, 0x00, 0x00, 0x00, 0x00, 0x00, 0x00, 0x00, 0x00, 0x00, 0x00, 0x01,
    0x00, 0x00, 0x00, 0x01, 0x5C, 0x5C, 0x5C, 0x58, 0x5F, 0x65, 0x67, 0x80, 0x58, 0x5E, 0x60, 0x7F, 0x53, 0x57, 0x57, 0x80, 0x54, 0x5C, 0x5E, 0x7F,
    0x5C, 0x62, 0x64, 0x7F, 0x5F, 0x64, 0x66, 0x75, 0x59, 0x59, 0x59, 0x25, 0x00, 0x00, 0x00, 0x00, 0xFF, 0xFF, 0xFF, 0x01, 0x00, 0x00, 0x00, 0x00,
    0x00, 0x00, 0x00, 0x00, 0x00, 0x00, 0x00, 0x00, 0x00, 0x00, 0x00, 0x00, 0x00, 0x00, 0x00, 0x00, 0x00, 0x00, 0x00, 0x00, 0x00, 0x00, 0x00, 0x00,
    0x00, 0x00, 0x00, 0x00, 0x00, 0x00, 0x00, 0x00, 0x00, 0x00, 0x00, 0x00, 0x00, 0x00, 0x00, 0x00, 0x00, 0x00, 0x00, 0x00, 0x00, 0x00, 0x00, 0x00,
    0x00, 0x00, 0x00, 0x00, 0x00, 0x00, 0x00, 0x00, 0x00, 0x00, 0x00, 0x00, 0x00, 0x00, 0x00, 0x00, 0x00, 0x00, 0x00, 0x00, 0x00, 0x00, 0x00, 0x00,
    0x00, 0x00, 0x00, 0x00, 0x00, 0x00, 0x00, 0x00, 0x00, 0x00, 0x00, 0x00, 0x00, 0x00, 0x00, 0x00, 0x00, 0x00, 0x00, 0x00, 0x00, 0x00, 0x00, 0x00,
    0x00, 0x00, 0x00, 0x00, 0x00, 0x00, 0x00, 0x00, 0x00, 0x00, 0x00, 0x00, 0x00, 0x00, 0x00, 0x00, 0x00, 0x00, 0x00, 0x00, 0x00, 0x00, 0x00, 0x00,
    0x00, 0x00, 0x00, 0x00, 0x00, 0x00, 0x00, 0x00, 0x00, 0x00, 0x00, 0x00, 0x00, 0x00, 0x00, 0x00, 0x00, 0x00, 0x00, 0x00, 0x00, 0x00, 0x00, 0x00,
    0x00, 0x00, 0x00, 0x00, 0x00, 0x00, 0x00, 0x00, 0x00, 0x00, 0x00, 0x00, 0x00, 0x00, 0x00, 0x00, 0x00, 0x00, 0x00, 0x00, 0x00, 0x00, 0x00, 0x00,
    0x00, 0x00, 0x00, 0x00, 0x00, 0x00, 0x00, 0x00, 0x00, 0x00, 0x00, 0x00, 0x00, 0x00, 0x00, 0x00, 0x00, 0x00, 0x00, 0x00, 0x00, 0x00, 0x00, 0x00,
    0x00, 0x00, 0x00, 0x00, 0x00, 0x00, 0x00, 0x00, 0x00, 0x00, 0x00, 0x00, 0x00, 0x00, 0x00, 0x00, 0x00, 0x00, 0x00, 0x00, 0x00, 0x00, 0x00, 0x00,
    0x00, 0x00, 0x00, 0x00, 0x00, 0x00, 0x00, 0x00, 0x00, 0x00, 0x00, 0x00, 0x00, 0x00, 0x00, 0x00, 0x00, 0x00, 0x00, 0x00, 0x00, 0x00, 0x00, 0x00,
    0x00, 0x00, 0x00, 0x00, 0x00, 0x00, 0x00, 0x00, 0x00, 0x00, 0x00, 0x00, 0x00, 0x00, 0x00, 0x00, 0x00, 0x00, 0x00, 0x00, 0x00, 0x00, 0x00, 0x00,
    0x00, 0x00, 0x00, 0x00, 0x00, 0x00, 0x00, 0x00, 0x00, 0x00, 0x00, 0x00, 0x00, 0x00, 0x00, 0x00, 0x00, 0x00, 0x00, 0x00, 0x00, 0x00, 0x00, 0x00,
    0x00, 0x00, 0x00, 0x00, 0x00, 0x00, 0x00, 0x00, 0x00, 0x00, 0x00, 0x00, 0x00, 0x00, 0x00, 0x00, 0x00, 0x00, 0x00, 0x00, 0x00, 0x00, 0x00, 0x00,
    0x00, 0x00, 0x00, 0x00, 0x00, 0x00, 0x00, 0x00, 0x00, 0x00, 0x00, 0x00, 0x00, 0x00, 0x00, 0x00, 0x00, 0x00, 0x00, 0x00, 0x00, 0x00, 0x00, 0x00,
    0x00, 0x00, 0x00, 0x00, 0x00, 0x00, 0x00, 0x00, 0x00, 0x00, 0x00, 0x00, 0x00, 0x00, 0x00, 0x00, 0x00, 0x00, 0x00, 0x00, 0x00, 0x00, 0x00, 0x00,
    0x00, 0x00, 0x00, 0x00, 0x00, 0x00, 0x00, 0x00, 0x00, 0x00, 0x00, 0x00, 0x00, 0x00, 0x00, 0x00, 0x00, 0x00, 0x00, 0x00, 0x00, 0x00, 0x00, 0x00,
    0x00, 0x00, 0x00, 0x00, 0x00, 0x00, 0x00, 0x00, 0x00, 0x00, 0x00, 0x00, 0x00, 0x00, 0x00, 0x00, 0x00, 0x00, 0x00, 0x00, 0x00, 0x00, 0x00, 0x00,
    0x00, 0x00, 0x00, 0x00, 0x00, 0x00, 0x00, 0x00, 0x00, 0x00, 0x00, 0x00, 0x00, 0x00, 0x00, 0x00, 0x00, 0x00, 0x00, 0x00, 0x00, 0x00, 0x00, 0x00,
    0x00, 0x00, 0x00, 0x00, 0x00, 0x00, 0x00, 0x00, 0x00, 0x00, 0x00, 0x00, 0x00, 0x00, 0x00, 0x00, 0x00, 0x00, 0x00, 0x00, 0x00, 0x00, 0x00, 0x00,
    0x00, 0x00, 0x00, 0x00, 0x00, 0x00, 0x00, 0x00, 0x00, 0x00, 0x00, 0x00, 0x00, 0x00, 0x00, 0x00, 0x00, 0x00, 0x00, 0x00, 0x00, 0x00, 0x00, 0x00,
    0x00, 0x00, 0x00, 0x00, 0x00, 0x00, 0x00, 0x00, 0x00, 0x00, 0x00, 0x00, 0x00, 0x00, 0x00, 0x00, 0x00, 0x00, 0x00, 0x00, 0x00, 0x00, 0x00, 0x00,
    0x00, 0x00, 0x00, 0x00, 0x00, 0x00, 0x00, 0x00, 0x00, 0x00, 0x00, 0x00, 0x00, 0x00, 0x00, 0x00, 0x00, 0x00, 0x00, 0x00, 0x00, 0x00, 0x00, 0x00,
    0x00, 0x00, 0x00, 0x00, 0x00, 0x00, 0x00, 0x00, 0x00, 0x00, 0x00, 0x00, 0x00, 0x00, 0x00, 0x00, 0x00, 0x00, 0x00, 0x00, 0x00, 0x00, 0x00, 0x00,
    0x00, 0x00, 0x00, 0x00, 0x00, 0x00, 0x00, 0x00, 0x00, 0x00, 0x00, 0x00, 0x00, 0x00, 0x00, 0x00, 0x00, 0x00, 0x00, 0x00, 0x00, 0x00, 0x00, 0x00,
    0x00, 0x00, 0x00, 0x00, 0x00, 0x00, 0x00, 0x00, 0x00, 0x00, 0x00, 0x00, 0x00, 0x00, 0x00, 0x00, 0x00, 0x00, 0x00, 0x00, 0x3F, 0x3F, 0x3F, 0x04,
    0x66, 0x66, 0x66, 0x05, 0x66, 0x66, 0x66, 0x05, 0x66, 0x66, 0x66, 0x05, 0x66, 0x66, 0x66, 0x05, 0x66, 0x66, 0x66, 0x05, 0x7F, 0x7F, 0x7F, 0x04,
    0x7F, 0x7F, 0x7F, 0x02, 0x00, 0x00, 0x00, 0x00, 0x00, 0x00, 0x00, 0x00, 0x00, 0x00, 0x00, 0x00, 0x00, 0x00, 0x00, 0x00, 0x00, 0x00, 0x00, 0x00,
    0x00, 0x00, 0x00, 0x00, 0x00, 0x00, 0x00, 0x00, 0x00, 0x00, 0x00, 0x00, 0x00, 0x00, 0x00, 0x00, 0x00, 0x00, 0x00, 0x00, 0x00, 0x00, 0x00, 0x00,
    0x00, 0x00, 0x00, 0x00, 0x00, 0x00, 0x00, 0x00, 0x00, 0x00, 0x00, 0x00, 0x00, 0x00, 0x00, 0x00, 0x00, 0x00, 0x00, 0x00, 0x00, 0x00, 0x00, 0x00,
    0x00, 0x00, 0x00, 0x00, 0x00, 0x00, 0x00, 0x00, 0x00, 0x00, 0x00, 0x00, 0x00, 0x00, 0x00, 0x00,
    };
}
